phenotype,gene,hg38_chr,hg38_pos,db_snp,g_type,pmed_ID,ncvar_ID,mut_type
Peroxisome biogenesis disorder 6A|Peroxisome biogenesis disorder 6B|not provided,PEX10,1,2408451,267608183,c.600+1G>A,21031596,ncVAR_AA3331331,intronic
Joubert syndrome 25,CEP104,1,3839606,869025276,c.735+2T>C,26477546,ncVAR_AA3220654,intronic
"Ehlers-Danlos syndrome, hydroxylysine-deficient",PLOD1,1,11966985,797044447,c.1651-2delA,9450904,ncVAR_AA4153046,intronic
"Hypophosphatasia, perinatal lethal",ALPL,1,21564217,749544042,c.648+1G>A,11745997,ncVAR_AA9783519,intronic
Osteogenesis imperfecta type 8,P3H1,1,42752536,72659354,c.1473+1G>T,17277775,ncVAR_AA1534606,intronic
Osteogenesis imperfecta type 8|not provided,P3H1,1,42757782,72659351,c.1080+1G>T,29150909,ncVAR_AA9101532,intronic
MYH-associated polyposis|not specified|not provided|Hereditary cancer-predisposing syndrome,MUTYH,1,45332088,77542170,c.934-2A>G,26824983,ncVAR_AA5437122,intronic
"Myopia 21, autosomal dominant",ZNF644,1,90916206,587776903,c.*592G>A,21695231,ncVAR_AA7617893,3utr
Premature ovarian failure 9,HFM1,1,91353299,730880018,c.1687-1G>C,24597873,ncVAR_AA5142699,intronic
Glycogen storage disease type III|Glycogen storage disease IIIa,AGL,1,99880047,199922945,c.1735+1G>T,24257475,ncVAR_AA5661255,intronic
Chudley-McCullough syndrome|not specified,GPSM2,1,108903235,777695770,c.1062+1G>T,22578326,ncVAR_AA1128162,intronic
Parkinson disease 9,ATP13A2,1,16996381,786205056,c.1306+5G>A,16964263,ncVAR_AA1167895,intronic
Congenital disorder of glycosylation type 1bb,DHDDS,1,26447535,764831063,c.441-24A>G,27343064,ncVAR_AA9667267,intronic
Osteogenesis imperfecta type 8,P3H1,1,42747254,137853890,c.2055+18G>A,19088120,ncVAR_AA9745269,intronic
"Basal cell carcinoma, somatic",PTCH2,1,44823064,587776628,c.3357+5C>T,9931336,ncVAR_AA7400070,intronic
Muscle eye brain disease|Retinitis pigmentosa 76,TSPAN1|POMGNT1,1,46189457,386834024,c.1895+1G>A,26908613,ncVAR_AA3339998,intronic
Cone-rod dystrophy 3|Stargardt disease 1|not provided|Retinal dystrophy|Macular dystrophy|Bull's eye maculopathy,ABCA4,1,94011395,1800728,c.5461-10T>C,28118664,ncVAR_AA8669923,intronic
"Glycogen storage disease IIIb|GLYCOGEN STORAGE DISEASE, TYPE IIIb",AGL,1,99915491,780504025,c.4259+5G>A,10925384,ncVAR_AA1562304,intronic
"Glycogen storage disease type III|Glycogen storage disease IIIa|Glycogen storage disease IIIb|GLYCOGEN STORAGE DISEASE, TYPE IIIb|not provided",AGL,1,99916398,369973784,c.4260-12A>G,25827695,ncVAR_AA0220955,intronic
Radial aplasia-thrombocytopenia syndrome|not provided,RBM8A|LIX1L-AS1,1,145927328,201779890,c.67+32G>C,22366785,ncVAR_AA2839735,intronic
Radial aplasia-thrombocytopenia syndrome|not provided,RBM8A|LIX1L-AS1,1,145927447,139428292,c.-21G>A,20301781,ncVAR_AA5800965,5utr
Combined oxidative phosphorylation deficiency 21,TARS2,1,150491665,587777594,c.695+3A>G,24827421,ncVAR_AA6594464,intronic
"not provided|Neurodevelopmental disorder with microcephaly, hypotonia, and variable brain anomalies",PRUNE1,1,151025513,886039608,c.521-2A>G,28211990,ncVAR_AA4368540,intronic
Cockayne syndrome type A,ERCC8,5,60927745,1043679457,c.173+1119G>C,29422660,ncVAR_AA9802761,intronic
"Alport syndrome, X-linked recessive",COL4A5,X,108620226,104886358,c.2510-33A>G,11223851,ncVAR_AA0647813,intronic
"Maturity onset diabetes mellitus in young|Maturity-onset diabetes of the young, type 11",BLK,8,11564446,1042695,c.*338T>G,19667185,ncVAR_AA9385547,3utr
Achromatopsia 4,GNAT2,1,109608607,397515384,c.461+24G>A,15557429,ncVAR_AA6705919,intronic
"Deafness, autosomal recessive 32",CDC14A,1,100467953,1553191001,c.839-3C>G,29293958,ncVAR_AA2808476,intronic
"Ectopia lentis, isolated autosomal recessive",ADAMTSL4,1,150552897,587776927,c.79-1G>A,20141359,ncVAR_AA7916855,intronic
"Spherocytosis, type 1, autosomal recessive",ANK1,8,41797691,183894680,c.-153G>A,11102985,ncVAR_AA1818711,5utr
Hereditary sideroblastic anemia|not specified,ALAS2|PAGE2B,X,55031184,140772352,c.-258C>G,12663458,ncVAR_AA6709952,5utr
"Alport syndrome, X-linked recessive",COL4A5,X,108695042,104886423,c.4803+121T>C,16517570,ncVAR_AA1770523,intronic
Joubert syndrome 25,CEP104,1,3816372,869025278,c.2572-2A>G,26477546,ncVAR_AA4045815,intronic
Amyotrophic lateral sclerosis type 10,TARDBP,1,11022737,80356744,c.*83T>C,20301761,ncVAR_AA5706759,3utr
"Ehlers-Danlos syndrome, hydroxylysine-deficient",PLOD1,1,11952736,797044448,c.579+1G>A,9893157,ncVAR_AA6924657,intronic
"Cataract 6, multiple types|not provided",EPHA2,1,16125329,886041412,c.2826-9G>A,24014202,ncVAR_AA2255273,intronic
Hereditary Paraganglioma-Pheochromocytoma Syndromes|not provided|Hereditary cancer-predisposing syndrome|SDHB-Related Disorders,SDHB,1,17024076,786201161,c.541-2A>G,23083876,ncVAR_AA8046841,intronic
Gastrointestinal stroma tumor|Paragangliomas 4|Pheochromocytoma|Hereditary Paraganglioma-Pheochromocytoma Syndromes|not specified|not provided|Hereditary cancer-predisposing syndrome,SDHB,1,17028599,398122805,c.423+1G>A,26283294,ncVAR_AA2073037,intronic
Multiple gastrointestinal atresias,TTC7A,2,46994513 - 46994516,587776971,c.1000_1001+2delAAGT,23830146,ncVAR_AA1224595,intronic
Infantile hypophosphatasia,ALPL,1,21573801,1057517391,c.997+2T>G,18925618,ncVAR_AA5044370,intronic
nonsyndromic cleft palate,GRHL3,1,24337790,886037768,c.840+1G>T,27018475,ncVAR_AA7569308,intronic
Cornelia de Lange syndrome 1,NIPBL,5,36876937 - 36876938,724159980,c.-321_-320delCCinsA,16799922,ncVAR_AA9522056,5utr
Lethal congenital contracture syndrome 7,CNTNAP1,17,42695519 - 42695522,786204800,c.2993-2_2994delAGAT,24319099,ncVAR_AA5443395,intronic
Pettigrew syndrome,AP1S2,X,15846013 - 15846016,587776738,c.180-5_180-2delTACA,17186471,ncVAR_AA5885185,intronic
Cone-rod dystrophy X-linked 3,CACNA1F,X,49215241 - 49215245,863223294,c.3472-1_3475delGCGTCinsTGG,16505158,ncVAR_AA0745585,intronic
Hereditary factor XI deficiency disease,F11,4,186274115,1057517364,c.326-1G>A,27067486,ncVAR_AA5061869,intronic
Lowe syndrome,OCRL,X,129553302,1057515577,c.238+4701A>G,21031565,ncVAR_AA6001102,intronic
Lowe syndrome,OCRL,X,129562373,776743373,c.940-11G>A,21031565,ncVAR_AA6393953,intronic
Primary pulmonary hypertension,BMPR2,2,202376806,115604088,c.-669G>A,19223935,ncVAR_AA6892673,5utr
Variant of unknown significance,SMAD2,18,47851273,397509416,c.694+1G>A,23665959,ncVAR_AA3217731,intronic
Hemochromatosis type 5,FTH1,11,61967589,387906549,c.-164A>T,11389486,ncVAR_AA3601148,5utr
"Amyotrophic lateral sclerosis type 6|not specified|Tremor, hereditary essential, 4|Amyotrophic Lateral Sclerosis, Dominant",FUS,16,31191479,80301724,c.*41G>A,22292843,ncVAR_AA7961652,3utr
"Alpha-thalassemia-2, nondeletional|Hemoglobin H disease, nondeletional|not specified|not provided",HBA2|LOC106804612,16,173692,63750067,c.*92A>G,1581238,ncVAR_AA4219292,3utr
alpha Thalassemia|not specified,HBA2|LOC106804612,16,173694,63751269,c.*94A>G,20301608,ncVAR_AA0089515,3utr
Beta-plus-thalassemia|beta Thalassemia|not provided,HBB|LOC107133510|LOC110006319,11,5225487,63751128,c.*111A>G,1856830,ncVAR_AA7477054,3utr
Fetal hemoglobin quantitative trait locus 1,HBG1|LOC106099064,11,5250053,35983258,c.-53-196C>T,2423160,ncVAR_AA8378546,5utr
"Mental retardation 3, X-linked",HCFC1,X,153971810,398122908,c.-970T>C,23000143,ncVAR_AA8090112,5utr
Permanent neonatal diabetes mellitus,INS|INS-IGF2,11,2159793,397515519,c.*59A>G,20938745,ncVAR_AA6633271,3utr
PROTEASOME-ASSOCIATED AUTOINFLAMMATORY SYNDROME 3,PSMB4,1,151399579,200946642,c.-9G>A,26524591,ncVAR_AA4920933,5utr
Retinoblastoma,RB1,13,48303724,387906520,c.-189G>T,1881452,ncVAR_AA2719363,5utr
Retinoblastoma|Hereditary cancer-predisposing syndrome,RB1,13,48303715,387906521,c.-198G>A,24225018,ncVAR_AA7040444,5utr
Tourette syndrome,SLITRK1,13,83878728,191284403,c.*689G>A,16224024,ncVAR_AA2807736,3utr
Congenital contractural arachnodactyly,FBN2,5,128328823,587776518,c.4346-2A>T,8900230,ncVAR_AA6214451,intronic
"Renal tubular acidosis, distal, autosomal recessive",ATP6V0A4,7,138734135,587776615,c.1691+1G>A,10973252,ncVAR_AA7538992,intronic
"Ehlers-Danlos syndrome, type 2|Ehlers-Danlos syndrome, classic type",COL5A2,2,189061561,786205104,c.2031+1G>T,9425231,ncVAR_AA8565243,intronic
"Autoimmune lymphoproliferative syndrome, type 1a",FAS,10,89007839,606231362,c.334+2dupT,7540117,ncVAR_AA8524414,intronic
Proopiomelanocortin deficiency,POMC,2,25164783,753856820,c.-11C>A,14557433,ncVAR_AA6608191,5utr
Mitochondrial trifunctional protein deficiency|Long-chain 3-hydroxyacyl-CoA dehydrogenase deficiency,HADHA,2,26238933,786205088,c.180+1G>A,7738175,ncVAR_AA8300837,intronic
"Leukodystrophy, hypomyelinating, 2",GJC2,1,228149857,587777496,c.-170A>G,27780564,ncVAR_AA9474890,5utr
"Leukodystrophy, hypomyelinating, 2|Spastic paraplegia",GJC2,1,228149860,587776888,c.-167A>G,24374284,ncVAR_AA0454503,5utr
"Marfan syndrome, neonatal",FBN1,15,48474652,387906547,c.3965-2A>T,7633409,ncVAR_AA3338604,intronic
Kniest dysplasia,COL2A1,12,47987268,587776847,c.1266+1delG,9066888,ncVAR_AA9369972,intronic
"Polymicrogyria, bilateral perisylvian, autosomal recessive",ADGRG1,16,57639389 - 57639403,587777312,c.-153-2202_-153-2188delCAACGGTTGCCAGGG,24531968,ncVAR_AA6376700,5utr
"Bernard-Soulier syndrome, type B|Bernard-Soulier syndrome, type B",GP1BB|SEPT5-GP1BB,22,19723410,730882059,c.-160C>G,8703016,ncVAR_AA8460533,5utr
"Osteogenesis imperfecta, type xiii",BMP1,8,22201444,786205217,c.*241T>C,25214535,ncVAR_AA7626938,3utr
Retinitis pigmentosa 70,PRPF4,9,113275630 - 113275647,541873609,c.-114_-97del18,24419317,ncVAR_AA9117671,5utr
Brugada syndrome 8|Ventricular tachycardia,HCN4,15,73343384 - 73343385,786205418,c.1209_1209+1insGTGA,19165230,ncVAR_AA2460639,intronic
Benign recurrent intrahepatic cholestasis 2|Progressive familial intrahepatic cholestasis 2,ABCB11,2,168990800,147649016,c.908+1G>A,19165230,ncVAR_AA2238616,intronic
Progressive familial intrahepatic cholestasis 2,ABCB11,2,169014300,387906354,c.150+3A>C,16039748,ncVAR_AA8205188,intronic
"Hypercholesterolemia, autosomal recessive",LDLRAP1,1,25557269,1461905374,c.459+2T>G,15599766,ncVAR_AA8068283,intronic
"Afibrinogenemia, congenital",FGB,4,154569800,606231224,c.1244+1G>T,12393540,ncVAR_AA0779232,intronic
"Myasthenic syndrome, congenital, associated with acetylcholine receptor deficiency",CHRNE,17,4903159,748144899,c.-96C>T,10211467,ncVAR_AA1368530,5utr
"not provided|Mental retardation, autosomal dominant 39",MYT1L,2,1887487,869320675,c.2636+1G>A,23033978,ncVAR_AA1129850,intronic
Short rib polydactyly syndrome 5,WDR35,2,19982552,1553324519,c.143-18T>A,25908617,ncVAR_AA8647315,intronic
"Spastic paraplegia 4, autosomal dominant",SPAST,2,32128483,587777755,c.1245+4A>G,11309678,ncVAR_AA8359622,intronic
"Factor v and factor viii, combined deficiency of, 2",MCFD2,2,46909018,387906286,c.149+5G>A,12717434,ncVAR_AA7141961,intronic
Lynch syndrome|Hereditary cancer-predisposing syndrome,MSH2,2,47480876,267608017,c.2634+5G>C,18033691,ncVAR_AA4163018,intronic
"Prostate cancer, hereditary, 12",EHBP1,2,62904596,721048,c.1185+30064G>A,18264098,ncVAR_AA0577118,intronic
Odontotrichomelic syndrome,ANTXR1,2,69245213,879255533,c.1435-12A>G,23602711,ncVAR_AA1904701,intronic
"Miyoshi muscular dystrophy 1|Limb-girdle muscular dystrophy, type 2B",DYSF,2,71661900,886042110,c.4886+1249G>T,25493284,ncVAR_AA2309480,intronic
Visceral myopathy,ACTG2,2,73902698,768290597,c.255+210C>A,24676022,ncVAR_AA1980555,intronic
"not provided|Progressive external ophthalmoplegia with mitochondrial DNA deletions, autosomal recessive 4",DGUOK,2,73950574,536746349,c.444-11C>G,23043144,ncVAR_AA1042873,intronic
"Spastic paraplegia 31, autosomal dominant|not specified",REEP1,2,86217057,377637314,c.*43G>T,18321925,ncVAR_AA4188323,3utr
"Severe combined immunodeficiency, atypical",ZAP70,2,97733464,113994173,c.837+121G>A,20301777,ncVAR_AA3128617,intronic
"Tumoral calcinosis, familial, hyperphosphatemic",GALNT3,2,165754927,375879489,c.1524+5G>A,15133511,ncVAR_AA7512812,intronic
Beta-hydroxyisobutyryl-CoA deacylase deficiency,HIBCH,2,190294639,786200864,c.220-9T>G,17160907,ncVAR_AA2931429,intronic
Primary pulmonary hypertension,BMPR2,2,202513709,1085307231,c.419-10T>C,23298310,ncVAR_AA3529639,intronic
Primary pulmonary hypertension,BMPR2,2,202520206,1085307279,c.967+5G>T,20534176,ncVAR_AA8627658,intronic
Senior-Loken syndrome 9,TRAF3IP1,2,238352956,886037897,c.1575+6T>G,26487268,ncVAR_AA7960691,intronic
Retinitis pigmentosa and erythrocytic microcytosis,TRNT1,3,3146404,876661299,c.609-26T>C,26494905,ncVAR_AA5587765,intronic
not provided|Inborn genetic diseases,SETD5,3,9453732,886041593,c.2347-7A>G,28881385,ncVAR_AA3770958,intronic
"Xeroderma pigmentosum, group C",XPC,3,14168389,794729656,c.413-9T>A,14662655,ncVAR_AA4915781,intronic
Lynch syndrome|not specified|Hereditary cancer-predisposing syndrome|Hereditary nonpolyposis colon cancer,MLH1,3,37008801,267607749,c.454-13A>G,27601186,ncVAR_AA6049138,intronic
Carnitine acylcarnitine translocase deficiency|not provided,SLC25A20,3,48884134,541208710,c.199-10T>G,25459972,ncVAR_AA5384613,intronic
Hodgkin lymphoma,KLHDC8B,3,49171662,387906223,c.-158C>T,19706467,ncVAR_AA6865693,5utr
Seckel syndrome 1,ATR,3,142465860,587777852,c.6897+464C>G,23144622,ncVAR_AA5065658,intronic
Ciliary dyskinesia,CCDC39,3,180650140,577069249,c.1167+1261A>G,21131972,ncVAR_AA4732537,intronic
Dysostosis multiplex,IDUA,4,1003475,398123256,c.1650+5G>A,21394825,ncVAR_AA4782341,intronic
"Diabetes mellitus, noninsulin-dependent, association with",WFS1,4,6293966,6446482,c.713-1075C>G,17603484,ncVAR_AA1900863,intronic
"Deafness, autosomal recessive 25",GRXCR1,4,42963153,201824235,c.627+19A>T,20137778,ncVAR_AA1526018,intronic
"Deafness, autosomal recessive 25",GRXCR1,4,43020345,606231120,c.628-9C>A,20137778,ncVAR_AA7857922,intronic
Congenital disorder of glycosylation type 2k,TMEM165,4,55418167,793888506,c.792+182G>A,22683087,ncVAR_AA9015408,intronic
Hyperphosphatasia with mental retardation syndrome 6,PIGY|PYURF,4,88523797,869025323,c.-540G>A,26293662,ncVAR_AA3392051,5utr
"Afibrinogenemia, congenital",FGG,4,154608970,587776839,c.667-320A>T,17854317,ncVAR_AA3446245,intronic
Joubert syndrome 17,CPLANE1,5,37157382,111294855,c.7957+288G>A,22425360,ncVAR_AA3934557,intronic
"46,XY sex reversal, type 6",MAP3K1,5,56859707,1131692053,c.634-8T>A,21129722,ncVAR_AA2335782,intronic
Sandhoff disease,HEXB,5,74720617,201580118,c.1509-26G>A,27021291,ncVAR_AA0723427,intronic
Mucopolysaccharidosis type VI,ARSB,5,78839434,431905496,c.1143-8T>G,17643332,ncVAR_AA4848433,intronic
Mucopolysaccharidosis type VI,ARSB,5,78839434,431905496,c.1143-8T>G,17643332,ncVAR_AA8817011,intronic
Hereditary factor XI deficiency disease,F11|F11-AS1,4,186287824,373297713,c.1716+1G>A,23332144,ncVAR_AA6371405,intronic
"Chronic granulomatous disease, autosomal recessive cytochrome b-positive, type 2|not provided",NCF2,1,183577598,796065032,c.366+1G>A,10498624,ncVAR_AA4857177,intronic
"Hyperparathyroidism 1|Parathyroid adenoma, somatic|not provided",CDC73,1,193122332,587776558,c.131+1G>A,15531515,ncVAR_AA2821544,intronic
Hyperparathyroidism 2,CDC73,1,193130173,587776559,c.238-1G>A,15613436,ncVAR_AA5940216,intronic
Adult junctional epidermolysis bullosa,LAMB3,1,209632777,587776814,c.629-1G>A,17476356,ncVAR_AA6770387,intronic
"Stromme syndrome|Ciliary dyskinesia, primary, 31",CENPF,1,214620653,376767238,c.574-2A>C,25564561,ncVAR_AA3495875,intronic
"Vitamin k-dependent clotting factors, combined deficiency of, 1",GGCX,2,85559076,786205096,c.215-1G>T,15287948,ncVAR_AA7896847,intronic
Wolcott-Rallison dysplasia,EIF2AK3|LOC101928371,2,88570873,869025179,c.2985+1G>A,12960215,ncVAR_AA3582413,intronic
Autosomal recessive hypohidrotic ectodermal dysplasia syndrome,RANBP2|EDAR,2,108910459,797044437,c.803+1G>A,18816645,ncVAR_AA0429301,intronic
Autosomal recessive hypohidrotic ectodermal dysplasia syndrome,RANBP2|EDAR,2,108930963,797044435,c.51+1G>A,15373768,ncVAR_AA1575048,intronic
Retinitis pigmentosa 38,MERTK,2,112001199,730880273,c.1605-2A>G,11727200,ncVAR_AA1440547,intronic
Warburg micro syndrome 1,RAB3GAP1,2,135120817,730882183,c.649-2A>G,29300443,ncVAR_AA8338711,intronic
"Usher syndrome, type 2C",ADGRV1,5,90628554,869312178,c.1239-8C>G,26872967,ncVAR_AA8150615,intronic
Familial adenomatous polyposis 1,APC,5,112707526,879253784,c.-192A>T,27087319,ncVAR_AA0188422,5utr
Familial adenomatous polyposis 1,APC,5,112707527,879253783,c.-30417T>C,27343414,ncVAR_AA9001020,5utr
Mitchell-Riley syndrome|Mitchell-Riley syndrome,RFX6,6,116877784,587776515,c.224-12A>G,20148032,ncVAR_AA1003854,intronic
Phytanic acid storage disease|Rhizomelic chondrodysplasia punctata|Peroxisome biogenesis disorder 9B,PEX7,6,136845605,267608255,c.340-10A>G,20301447,ncVAR_AA9560163,intronic
"Spinocerebellar ataxia, autosomal recessive 8|not provided",SYNE1,6,152321898,606231134,c.15705-12A>G,17503513,ncVAR_AA4342254,intronic
"Ehlers-Danlos syndrome, autosomal recessive, cardiac valvular form",COL1A2,7,94395818,72656354,c.70+717A>G,15077201,ncVAR_AA4091283,intronic
Cystic fibrosis,CFTR,7,117589467,397508266,c.1680-886A>G,18456578,ncVAR_AA6831551,intronic
Cystic fibrosis,CFTR|LOC111674472,7,117611555,76151804,c.3140-26A>G,10425036,ncVAR_AA2943362,intronic
Cystic fibrosis|Hereditary pancreatitis|not specified,CFTR,7,117639961,75039782,c.3718-2477C>T,26631874,ncVAR_AA7069738,intronic
"Congenital myotonia, autosomal recessive form",CLCN1,7,143332409,543120965,c.1167-10T>C,23810313,ncVAR_AA4506762,intronic
"Ventricular fibrillation, paroxysmal familial, 2",DPP6,7,154305155,606231226,c.52-141059C>T,19285295,ncVAR_AA8753968,intronic
"Polydactyly, preaxial II|Triphalangeal thumb",LMBR1|ZRS,7,156791137,606231150,c.423+5252A>G,17152067,ncVAR_AA9450400,intronic
Joubert syndrome 14,TMEM237,2,201628075,748510210,c.943+1G>T,26092869,ncVAR_AA5863071,intronic
"Autoimmune lymphoproliferatiVe syndrome, type V",CTLA4,2,203868052,606231421,c.109+1G>T,25329329,ncVAR_AA0523001,intronic
"Crigler Najjar syndrome, type 1",UGT1A|UGT1A10|UGT1A8|UGT1A7|UGT1A6|UGT1A5|UGT1A9|UGT1A4|UGT1A1|UGT1A3,2,233761152,587776764,c.864+1G>C,9497253,ncVAR_AA4814805,intronic
"Crigler Najjar syndrome, type 1",UGT1A|UGT1A10|UGT1A8|UGT1A7|UGT1A6|UGT1A5|UGT1A9|UGT1A4|UGT1A1|UGT1A3,2,233768218,587776766,c.1085-2A>G,9497253,ncVAR_AA5836782,intronic
"Xeroderma pigmentosum, group C",XPC,3,14156333,794729655,c.2033+2T>G,9804340,ncVAR_AA2212873,intronic
Loeys-Dietz syndrome 2,TGFBR2,3,30688382,587776770,c.1472-2A>G,16333834,ncVAR_AA2057864,intronic
Aminoacylase 1 deficiency,ACY1|ABHD14A-ACY1,3,51986254,672601330,c.360-1G>A,16465618,ncVAR_AA4999010,intronic
"Hypocalciuric hypercalcemia, familial, type 1",CASR,3,122257080,797044441,c.186-1G>T,11668634,ncVAR_AA9317840,intronic
Hermansky-Pudlak syndrome 3,CP|HPS3,3,149163840,397507168,c.2482-2A>G,11590544,ncVAR_AA8498597,intronic
Partial albinism,KIT,4,54727928,794726675,c.1879+1G>A,1384325,ncVAR_AA9930902,intronic
Amelogenesis imperfecta - hypoplastic autosomal dominant - local,ENAM,4,70635895,587776587,c.534+1G>A,22414746,ncVAR_AA4111930,intronic
Cryptophthalmos syndrome,FRAS1,4,78472331,730882180,c.7522+1G>T,17163535,ncVAR_AA3502321,intronic
Autosomal recessive hypophosphatemic vitamin D refractory rickets,DMP1,4,87657031,587776697,c.55-1G>C,17033625,ncVAR_AA5956410,intronic
"Pena-Shokeir syndrome type I|Congenital myasthenic syndrome|Myasthenic syndrome, congenital, 11, associated with acetylcholine receptor deficiency",RAPSN,11,47449174,786200905,c.-210A>G,15145336,ncVAR_AA5210049,5utr
Wieacker Wolff syndrome|not provided,ZC4H2,X,64921812,1057520298,c.225+5G>A,26056227,ncVAR_AA7330017,intronic
"Spondylocostal dysostosis 6, autosomal recessive",RIPPLY2,6,83857238,370933531,c.240-4T>G,25343988,ncVAR_AA6538045,intronic
Cerebro-costo-mandibular syndrome,SNRPB,20,2467201,786201021,c.155+406C>A,25047197,ncVAR_AA5250829,intronic
Ateleiotic dwarfism|Seckel syndrome 8,DNA2,10,68416703,587777614,c.3114+6delC,24389050,ncVAR_AA5909827,intronic
Aromatase deficiency,CYP19A1|PIRC66|MIR4713HG,15,51218658,786205110,c.629-3C>A,12466340,ncVAR_AA6077847,intronic
"Ehlers-Danlos syndrome, type 2|Ehlers-Danlos syndrome, classic type",COL5A1,9,134795057,765079080,c.2701-25T>G,9683580,ncVAR_AA7512799,intronic
"Ehlers-Danlos syndrome, type 2|Ehlers-Danlos syndrome, classic type",COL5A1|LOC101448202,9,134835207 - 134835210,786200923,c.5370+3_5370+6delGAGT,8923000,ncVAR_AA3184513,intronic
"Afibrinogenemia, congenital",FGG,4,154612527,587776837,c.78+5G>A,11001902,ncVAR_AA6651048,intronic
"Segawa syndrome, autosomal recessive",TH,11,2165787,587776767,c.1198-24T>A,11281275,ncVAR_AA3507619,intronic
"Polydactyly, preaxial II",LMBR1|ZRS,7,156791480,606231153,c.423+4909C>T,19519794,ncVAR_AA0465212,intronic
Erythropoietic protoporphyria|Jaundice|Erythema,FECH,18,57580222,2269219,c.68-23C>T,1729699,ncVAR_AA8951521,intronic
Holocarboxylase synthetase deficiency,HLCS,21,36767213,753887925,c.1519+5G>A,10653324,ncVAR_AA4654495,intronic
not provided|Immunodeficiency 36,PIK3R1,5,68293835,587777709,c.1425+1G>T,25488983,ncVAR_AA4970685,intronic
Netherton syndrome,SPINK5,5,148086403,587777749,c.283-2A>T,10835624,ncVAR_AA2607907,intronic
Multiple epiphyseal dysplasia 4|Diastrophic dysplasia,SLC26A2,5,149960981,386833492,c.-26+2T>C,10482955,ncVAR_AA3814352,5utr
Patent ductus arteriosus 2,TFAP2B,6,50828617,879253870,c.541-2A>T,18752453,ncVAR_AA0314548,intronic
"not provided|EHLERS-DANLOS SYNDROME, ARTHROCHALASIA TYPE, 2",COL1A2,7,94401565,72656355,c.226-2A>G,9295084,ncVAR_AA1659446,intronic
"Ehlers-Danlos syndrome, autosomal recessive, cardiac valvular form",COL1A2,7,94412122,67162110,c.1404+1G>A,15077201,ncVAR_AA3341114,intronic
Osteogenesis imperfecta/Ehlers-Danlos crossover syndrome,COL1A2,7,94426532,72659324,c.3105+2T>C,11288717,ncVAR_AA9733804,intronic
Meckel syndrome type 3,TMEM67,8,93791320,386834187,c.1575+1G>A,16415887,ncVAR_AA0846524,intronic
Cohen syndrome,VPS13B,8,99859482,587777382,c.11119+2T>C,24311531,ncVAR_AA4314854,intronic
"Mitochondrial DNA depletion syndrome, encephalomyopathic form, with renal tubulopathy|RRM2B-related mitochondrial disease",RRM2B,8,102225020,515726185,c.322-2A>G,24741716,ncVAR_AA3982038,intronic
Rothmund-Thomson syndrome,RECQL4,8,144515243,117642173,c.1391-1G>A,10678659,ncVAR_AA1545457,intronic
"Ehlers-Danlos syndrome, type 2|Ehlers-Danlos syndrome, classic type",COL5A1,9,134727264,786205101,c.655-2A>G,12145749,ncVAR_AA6727709,intronic
Congenital generalized lipodystrophy type 1,AGPAT2,9,136676681,606231168,c.493-1G>C,20301391,ncVAR_AA6807391,intronic
"Phytanic acid storage disease|Refsum disease, adult, 1|not provided",PHYH,10,13295608,201578674,c.135-2A>G,17905308,ncVAR_AA4958228,intronic
"Autoimmune lymphoproliferative syndrome, type 1a",FAS,10,89011997,606231363,c.569-2A>C,7540117,ncVAR_AA5704729,intronic
"Autoimmune lymphoproliferative syndrome, type 1a",FAS,10,89012083,267607122,c.651+2T>A,9927496,ncVAR_AA5169318,intronic
Common variable immunodeficiency 6,CD81,11,2395971,587776775,c.561+1G>A,20237408,ncVAR_AA3698352,intronic
Aniridia 1,PAX6,11,31810826,878852979,c.-129+2T>A,17148041,ncVAR_AA5354803,5utr
Pyruvate dehydrogenase E3-binding protein deficiency,PDHX,11,34960519,724159829,c.641+1G>A,11935326,ncVAR_AA4112804,intronic
Pyruvate dehydrogenase E3-binding protein deficiency,PDHX,11,34984569,724159830,c.1024-1G>A,11935326,ncVAR_AA8327125,intronic
"Hepatic failure, early-onset, and neurologic disorder due to cytochrome C oxidase deficiency",COX8A,11,63976224,869025575,c.115-1G>C,26685157,ncVAR_AA3346282,intronic
Stargardt disease 1,ABCA4,1,94060536,61749427,c.2160+1G>T,28118664,ncVAR_AA9364521,intronic
"Gaucher's disease, type 1|Acute neuronopathic Gaucher's disease|Gaucher disease",GBA,1,155240629,104886460,c.115+1G>A,1558964,ncVAR_AA9727323,intronic
Familial partial lipodystrophy 2|not provided,LMNA,1,156137033,267607543,c.1488+5G>C,16636128,ncVAR_AA2852690,intronic
"Heart-hand syndrome, Slovenian type|not provided",LMNA,1,156137642,267607582,c.1609-12T>G,18611980,ncVAR_AA9141454,intronic
Hutchinson-Gilford syndrome|Lethal tight skin contracture syndrome|not provided,LMNA,1,156138758,113436208,c.1968+1G>A,15317753,ncVAR_AA3361441,intronic
"Hutchinson-Gilford syndrome|Hutchinson-Gilford progeria syndrome, atypical",LMNA,1,156138762,797044488,c.1968+5G>A,20301300,ncVAR_AA6611160,intronic
Hereditary pyropoikilocytosis,SPTA1,1,158656669,757147440,c.2806-13T>G,9192783,ncVAR_AA1802077,intronic
Glycosylphosphatidylinositol deficiency,PIGM,1,160032009,587776528,c.-270C>G,16767100,ncVAR_AA7741615,5utr
Gastrointestinal stroma tumor|Paraganglioma and gastric stromal sarcoma|Carney triad|Hereditary Paraganglioma-Pheochromocytoma Syndromes,SDHC,1,161356841,587776653,c.405+1G>A,17804857,ncVAR_AA4966943,intronic
Basal laminar drusen,CFH,1,196673968,387906550,c.350+6T>G,18252232,ncVAR_AA9273470,intronic
"Fanconi anemia, complementation group T",UBE2T,1,202334984,796052212,c.179+5G>A,26046368,ncVAR_AA6398790,intronic
"Congenital anomalies of kidney and urinary tract 1, susceptibility to",DSTYK,1,205169835,554197975,c.655-3C>T,23862974,ncVAR_AA5601241,intronic
Junctional epidermolysis bullosa gravis of Herlitz|Adult junctional epidermolysis bullosa,LAMB3,1,209633028,587776812,c.628+42G>A,17476356,ncVAR_AA2003636,intronic
Adult junctional epidermolysis bullosa,LAMB3,1,209633136,587776813,c.565-3T>C,17476356,ncVAR_AA1382648,intronic
"Usher syndrome, type 2A|Retinitis pigmentosa 39|Usher syndrome",USH2A,1,215891198,786200928,c.7595-2144A>G,25558175,ncVAR_AA6033305,intronic
Pelger-Hu√´t anomaly,LBR,1,225404715,886037618,c.1484-9A>G,14617022,ncVAR_AA2297803,intronic
Bardet-Biedl syndrome 16,SDCCAG8,1,243305133,397515337,c.740+356C>T,22190896,ncVAR_AA0861388,intronic
Mitochondrial trifunctional protein deficiency|Long-chain 3-hydroxyacyl-CoA dehydrogenase deficiency|not provided,HADHA,2,26238931,781222705,c.180+3A>G,7738175,ncVAR_AA8514864,intronic
"Epileptic encephalopathy, early infantile, 50",CAD,2,27226128,1057519262,c.1843-3C>T,28007989,ncVAR_AA3547070,intronic
"Epileptic encephalopathy, early infantile, 50",CAD,2,27226130,769567624,c.1843-1G>A,25678555,ncVAR_AA8670528,intronic
Retinitis pigmentosa 71,IFT172,2,27457760,786205858,c.3112-5T>A,25168386,ncVAR_AA6365708,intronic
Short-rib thoracic dysplasia 15 with polydactyly,DYNC2LI1,2,43805249,879255656,c.993+3A>G,26077881,ncVAR_AA6425637,intronic
Multiple gastrointestinal atresias,TTC7A,2,46994356,777469885,c.844-1G>T,24417819,ncVAR_AA2149627,intronic
Multiple gastrointestinal atresias,TTC7A,2,47022084,587777551,c.1510+105T>A,24292712,ncVAR_AA6620256,intronic
"Lynch syndrome I|Colorectal cancer, hereditary, nonpolyposis, type 1|Lynch syndrome|not provided|Hereditary cancer-predisposing syndrome|Hereditary nonpolyposis colon cancer",MSH2,2,47414421,193922376,c.942+3A>T,10978353,ncVAR_AA3351452,intronic
Turcot syndrome|Lynch syndrome,MSH2,2,47476362,267607990,c.2006-5T>A,16372347,ncVAR_AA9693082,intronic
Microcephaly-capillary malformation syndrome|not provided,STAMBP,2,73844893,397509389,c.279+5G>T,23542699,ncVAR_AA8817174,intronic
"3-methylglutaconic aciduria, type VIII",HTRA2,2,74531106,1057519081,c.906+1G>C,27696117,ncVAR_AA3969161,intronic
Mitochondrial DNA depletion syndrome 9 (encephalomyopathic with methylmalonic aciduria),SUCLG1,2,84459170,786205871,c.97+3G>C,20693550,ncVAR_AA5266930,intronic
Distal hereditary motor neuronopathy type 5B,REEP1,2,86252072,387907242,c.304-2A>G,22703882,ncVAR_AA6337127,intronic
"Spastic paraplegia 31, autosomal dominant",REEP1,2,86254816,387906264,c.183-2A>G,16826527,ncVAR_AA9418749,intronic
"Pustular psoriasis, generalized",IL36RN,2,113060943,148755083,c.115+6T>C,23863864,ncVAR_AA1034245,intronic
"Ehlers-Danlos syndrome, type 4",COL3A1,2,188988140,397509375,c.582+6T>C,8320698,ncVAR_AA1453147,intronic
"Ehlers-Danlos syndrome, type 4",COL3A1,2,188996501,397509372,c.1761+5G>T,1672129,ncVAR_AA4194635,intronic
"Ehlers-Danlos syndrome, type 4",COL3A1,2,188997394,397509376,c.1869+5G>A,7581395,ncVAR_AA2157778,intronic
"Ehlers-Danlos syndrome, type 4",COL3A1,2,189003067,397509371,c.2553+5G>T,8477261,ncVAR_AA1796071,intronic
Muscle hypertrophy,MSTN|C2orf88,2,190062219,397515373,c.373+5G>A,15215484,ncVAR_AA4764737,intronic
Beta-hydroxyisobutyryl-CoA deacylase deficiency,HIBCH,2,190296956,778922921,c.79-3C>G,17160907,ncVAR_AA8800421,intronic
"Autoimmune lymphoproliferatiVe syndrome, type V",CTLA4,2,203871492,606231419,c.567+5G>C,25213377,ncVAR_AA9784302,intronic
"Arthrogryposis, distal, type 5d",ECEL1,2,232482850,587777131,c.1685+1G>T,23236030,ncVAR_AA4221855,intronic
"Arthrogryposis, distal, type 5d",ECEL1,2,232484469,587776920,c.1184+3A>T,23261301,ncVAR_AA5920504,intronic
"not specified|Sideroblastic anemia with B-cell immunodeficiency, periodic fevers, and developmental delay",TRNT1,3,3147899,368078167,c.1057-7C>G,25193871,ncVAR_AA6647152,intronic
Gillespie syndrome,ITPR1,3,4788144,878853174,c.6763+5G>T,27108797,ncVAR_AA8849069,intronic
"Xeroderma pigmentosum, group C",XPC,3,14168404,794729657,c.413-24A>G,14662655,ncVAR_AA6618788,intronic
Congenital disorder of glycosylation type 1x,STT3B,3,31622328,587777217,c.1539+20G>T,23842455,ncVAR_AA4504214,intronic
Opsismodysplasia,INPPL1,11,72234616,655423,c.2415+1G>A,23273567,ncVAR_AA0769280,intronic
"Amelogenesis imperfecta, hypomaturation type, IIA2",MMP20,11,102594759,140213840,c.954-2A>T,15744043,ncVAR_AA4913336,intronic
Ataxia-telangiectasia syndrome|not provided|Hereditary cancer-predisposing syndrome,ATM,11,108293479,587781927,c.4776+2T>C,21445571,ncVAR_AA2647922,intronic
Keutel syndrome|not provided,MGP,12,14884212,111320759,c.94+1G>A,15810001,ncVAR_AA4929004,intronic
Keutel syndrome,MGP,12,14884247,112518413,c.137-2A>G,9916809,ncVAR_AA6940565,intronic
Warsaw breakage syndrome,DDX11,12,31102313,730880279,c.2271+2T>C,20137776,ncVAR_AA3090064,intronic
Phenylketonuria|not provided,PAH,12,102852814,5030852,c.842+1G>A,20188615,ncVAR_AA9196430,intronic
"Deafness, autosomal recessive 1A",GJB2,13,20193020,886037626,c.-260C>T,17660464,ncVAR_AA5041472,5utr
Seckel syndrome 4,CENPJ|RNF17,13,24885671,864321658,c.3302-1G>C,20522431,ncVAR_AA4555756,intronic
Keratosis linearis with ichthyosis congenita and sclerosing keratoderma,POMP,13,28659090,112368783,c.-95delC,20226437,ncVAR_AA5875597,5utr
"Primary dilated cardiomyopathy|Left ventricular noncompaction 5|not provided|Hypertrophic cardiomyopathy|Cardiomyopathy, left ventricular noncompaction",MYH7,14,23431584,730880850,c.732+1G>A,27788187,ncVAR_AA0617316,intronic
Benign hereditary chorea,NKX2-1|SFTA3,14,36518022,587776708,c.464-2A>T,12891678,ncVAR_AA4728896,intronic
"Congenital muscular dystrophy-dystroglycanopathy with brain and eye anomalies, type A2|Limb-girdle muscular dystrophy-dystroglycanopathy, type C2",POMT2,14,77298688,533916138,c.1006+1G>A,15894594,ncVAR_AA9224612,intronic
Retinitis pigmentosa 51,TTC8,14,88833691,587777809,c.115-2A>G,25776555,ncVAR_AA8989023,intronic
Aromatase deficiency,CYP19A1|PIRC66|MIR4713HG,15,51218539,786205107,c.743+2T>C,1496995,ncVAR_AA7841918,intronic
Aromatase deficiency,CYP19A1|PIRC66|MIR4713HG,15,51236858,786205109,c.296+1G>A,9177373,ncVAR_AA8093969,intronic
Glycogen storage disease IXb,PHKB,16,47502989,797044442,c.306-2A>G,9402963,ncVAR_AA3631356,intronic
not specified,ALDOB,9,101435912,185972191,c.-214G>A,20033295,ncVAR_AA0182315,5utr
"Lymphedema, hereditary, III",PIEZO1|LOC100289580,16,88735134,869025600,c.1669+1G>A,26333996,ncVAR_AA7846915,intronic
"Meckel syndrome, type 9|not provided",B9D1,17,19347782,143149764,c.400+2T>C,21493627,ncVAR_AA4602386,intronic
"Congenital stationary night blindness, type 1E",GPR179,17,38334703,773126191,c.1784+1G>A,22325361,ncVAR_AA0132078,intronic
"Erythroderma, ichthyosiform, congenital reticular",KRT10|TMEM99,17,40819516,587776816,c.1373+1G>A,20798280,ncVAR_AA4348401,intronic
"Breast-ovarian cancer, familial 1|Hereditary breast and ovarian cancer syndrome|not provided|Hereditary cancer-predisposing syndrome",BRCA1,17,43099773,80358047,c.547+2T>A,23451180,ncVAR_AA9473106,intronic
Osteopetrosis autosomal recessive 6,PLEKHM1,17,45477899,786205055,c.296+1G>A,17404618,ncVAR_AA6887791,intronic
Bardet-Biedl syndrome 13|Meckel syndrome type 1|Joubert syndrome 28,MKS1,17,58210658,199874059,c.1024+1G>A,17377820,ncVAR_AA4594177,intronic
Bardet-Biedl syndrome 13|Meckel syndrome type 1|Joubert syndrome 28,MKS1,17,58219149,386834052,c.80+2T>C,16415886,ncVAR_AA0719988,intronic
Isolated growth hormone deficiency type 1B,GH1|GH-LCR,17,63917759,797044449,c.456+1G>C,8496314,ncVAR_AA6245299,intronic
Autosomal dominant isolated somatotropin deficiency,GH1|GH-LCR,17,63918015,863223310,c.291+2T>C,17038549,ncVAR_AA0824866,intronic
Autosomal dominant isolated somatotropin deficiency,GH1|GH-LCR,17,63918016,71640277,c.291+1G>C,18785993,ncVAR_AA0983400,intronic
Autosomal dominant isolated somatotropin deficiency,GH1|GH-LCR,17,63918016,71640277,c.291+1G>A,10372722,ncVAR_AA5263413,intronic
Autosomal dominant isolated somatotropin deficiency,GH1|GH-LCR,17,63918138,863223309,c.172-2A>T,12574219,ncVAR_AA9595216,intronic
"Pigmented nodular adrenocortical disease, primary, 1",PRKAR1A,17,68512549,587776773,c.-7+1G>A,12213893,ncVAR_AA6202925,5utr
"Adrenocortical tumor, somatic",PRKAR1A,17,68529919,587776774,c.892-1G>A,14500362,ncVAR_AA9504418,intronic
"Hemophagocytic lymphohistiocytosis, familial, 3|Familial hemophagocytic lymphohistiocytosis|not provided",UNC13D,17,75836338,777759523,c.1389+1G>A,21248318,ncVAR_AA6368617,intronic
"Hemophagocytic lymphohistiocytosis, familial, 3|not provided",UNC13D,17,75840506,201908137,c.753+1G>T,16825436,ncVAR_AA7361561,intronic
EPIDERMODYSPLASIA VERRUCIFORMIS,TMC6,17,78124181,769471844,c.892-2A>T,15042430,ncVAR_AA6765030,intronic
Erythropoietic protoporphyria,FECH,18,57554259,786205245,c.1077+1G>A,8500787,ncVAR_AA3383875,intronic
Combined immunodeficiency,MALT1,18,58723046,786200953,c.1019-2A>G,25627829,ncVAR_AA1412242,intronic
Rhabdoid tumor predisposition syndrome 2,SMARCA4,19,11035133,587777461,c.4071+1G>A,24658002,ncVAR_AA3960602,intronic
Isolated lutropin deficiency,LHB,19,49016546,786204822,c.183+1G>T,22723313,ncVAR_AA0662708,intronic
Isolated lutropin deficiency,LHB,19,49016546,786204822,c.183+1G>C,17761593,ncVAR_AA7278960,intronic
Hydatidiform mole,NCR1|NLRP7,19,54934488,104895505,c.2471+1G>A,16462743,ncVAR_AA1061377,intronic
Hydatidiform mole,NLRP7,19,54940930,104895504,c.352+1G>A,22909446,ncVAR_AA4847850,intronic
"Epiphyseal dysplasia, multiple, 3, with myopathy",COL9A3,20,62818517,606231367,c.148-1G>A,10655510,ncVAR_AA3194582,intronic
Familial platelet disorder with associated myeloid malignancy,RUNX1,21,34880714,587776809,c.352-1G>T,10508512,ncVAR_AA7065053,intronic
"Homocystinuria due to CBS deficiency|Homocystinuria, pyridoxine-responsive|Homocystinuria|not provided",CBS,21,43058970,375846341,c.1224-2A>C,15365998,ncVAR_AA2649789,intronic
"Progressive myoclonic epilepsy|Unverricht-Lundborg syndrome|not provided|Inborn genetic diseases|Epilepsy, progressive myoclonic 1A (Unverricht and Lundborg)",CSTB,21,43774760,147484110,c.67-1G>C,20301321,ncVAR_AA7894130,intronic
Ullrich congenital muscular dystrophy 1,COL6A2,21,46125265,748035948,c.1771-1G>T,20729548,ncVAR_AA2353340,intronic
Parkinson disease 15,FBXO7,22,32493282,730880272,c.1144+1G>T,19038853,ncVAR_AA9022928,intronic
Methemoglobinemia type 2,CYB5R3,22,42619946,794728011,c.734-1G>T,7668255,ncVAR_AA5017439,intronic
Nance-Horan syndrome,NHS,X,17721439,786205257,c.853-2A>G,16736028,ncVAR_AA5225338,intronic
Simpson-Golabi-Behmel syndrome,GPC3,X,133692368,869025182,c.1292+1G>T,10814714,ncVAR_AA9711137,intronic
Simpson-Golabi-Behmel syndrome,GPC3,X,133953049,869025183,c.337+1G>A,16158429,ncVAR_AA1223229,intronic
Deuteranopia,OPN1MW,X,154182566,724159983,c.-112A>C,12626747,ncVAR_AA5048970,5utr
Periventricular nodular heterotopia 1,FLNA,X,154367639,863223295,c.720+2T>C,9883725,ncVAR_AA0492038,intronic
Periventricular nodular heterotopia 1,FLNA,X,154370872,863223296,c.373+1G>A,9883725,ncVAR_AA0684876,intronic
Gastrointestinal stroma tumor|Paragangliomas 4|Pheochromocytoma|Hereditary Paraganglioma-Pheochromocytoma Syndromes|not provided|Hereditary cancer-predisposing syndrome,SDHB,1,17028737,397516833,c.287-1G>C,23072324,ncVAR_AA6488594,intronic
Gastrointestinal stroma tumor|Paragangliomas 4|Pheochromocytoma|Hereditary Paraganglioma-Pheochromocytoma Syndromes|not provided|Hereditary cancer-predisposing syndrome,SDHB,1,17033058,587781270,c.286+2T>A,23083876,ncVAR_AA8004914,intronic
Gastrointestinal stroma tumor|Paragangliomas 4|Pheochromocytoma|Hereditary Paraganglioma-Pheochromocytoma Syndromes|Hereditary cancer-predisposing syndrome,SDHB,1,17033059,786201063,c.286+1G>A,16912137,ncVAR_AA7994871,intronic
Hereditary cancer-predisposing syndrome,SDHB,1,17053947,587782703,c.72+1G>A,19802898,ncVAR_AA8693103,intronic
Gastrointestinal stroma tumor|Paraganglioma and gastric stromal sarcoma|Paragangliomas 4|Pheochromocytoma|Hereditary Paraganglioma-Pheochromocytoma Syndromes|not provided|Hereditary cancer-predisposing syndrome,SDHB,1,17053947,587782703,c.72+1G>T,19802898,ncVAR_AA2828370,intronic
Van der Woude syndrome 2,GRHL3,1,24343026,879255244,c.1419+1G>T,24360809,ncVAR_AA9624318,intronic
"Hypercholesterolemia, autosomal recessive",LDLRAP1,1,25553921,755104973,c.89-1G>C,15485476,ncVAR_AA9218613,intronic
Lynch syndrome II|Lynch syndrome|not provided,MLH1,3,37001058,267607735,c.306+5G>A,20858721,ncVAR_AA8585221,intronic
Waardenburg syndrome type 2A,MITF,3,69936756,1553701477,c.33+1G>A,7874167,ncVAR_AA7711895,intronic
"Glycogen storage disease, type IV|Glycogen storage disease IV, congenital neuromuscular",GBE1,3,81648851,397515344,c.691+5G>C,17662246,ncVAR_AA6169840,intronic
Mitochondrial complex I deficiency,TIMMDC1,3,119515865,781525096,c.597-1340A>G,28604674,ncVAR_AA2594864,intronic
"Dendritic cell, monocyte, B lymphocyte, and natural killer lymphocyte deficiency",GATA2,3,128481945,869320668,c.1018-1G>T,21765025,ncVAR_AA8006435,intronic
Cranioectodermal dysplasia 1,IFT122,3,129461309,376595844,c.502+5G>A,20493458,ncVAR_AA2185246,intronic
not provided|Polyglucosan body myopathy 2,GYG1,3,148994280,370652040,c.143+3G>C,25272951,ncVAR_AA6028554,intronic
3-methylglutaconic aciduria type V,DNAJC19,3,180987023,137854888,c.130-1G>C,22981120,ncVAR_AA9191881,intronic
"Chondroectodermal dysplasia|Short rib-polydactyly syndrome, Majewski type|not provided",EVC,4,5793722,794726665,c.1886+5G>T,23220543,ncVAR_AA4505998,intronic
"Diabetes mellitus, noninsulin-dependent, association with|not specified|WFS1-Related Spectrum Disorders|Nonsyndromic Hearing Loss, Dominant",WFS1,4,6291188,10010131,c.461-9A>G,17603484,ncVAR_AA9574539,intronic
"Immunodeficiency, common variable, 12",NFKB1,4,102579043,869320688,c.730+4A>G,26279205,ncVAR_AA8091403,intronic
"Hyperinsulinemic hypoglycemia, familial, 4",HADH,4,108024034,786200932,c.636+471G>T,23273570,ncVAR_AA7318108,intronic
"Microcephaly and chorioretinopathy, autosomal recessive, 2",PLK4,4,127898434,724159995,c.2811-5C>G,25344692,ncVAR_AA9075822,intronic
"Afibrinogenemia, congenital",FGB,4,154569320,606231223,c.958+13C>T,12393540,ncVAR_AA2140452,intronic
Hyperekplexia 2,GLRB,4,157136891,281864922,c.610+5G>A,11929858,ncVAR_AA3246841,intronic
"not provided|Limb-girdle muscular dystrophy, type 2S",TRAPPC11,4,183684059,397509418,c.1287+5G>A,23830518,ncVAR_AA9299085,intronic
"Limb-girdle muscular dystrophy, type 2S",TRAPPC11,4,183686751,886041053,c.1893+3A>G,27707803,ncVAR_AA0190767,intronic
Mucopolysaccharidosis type VI,ARSB,5,78839434,431905496,c.1143-8T>G,23458163,ncVAR_AA6367083,intronic
Mucopolysaccharidosis type VI,ARSB,5,78839434,431905496,c.1143-8T>G,23458163,ncVAR_AA2013342,intronic
Wagner syndrome,VCAN|VCAN-AS1,5,83537002,80356556,c.4004-5T>C,20301747,ncVAR_AA1577575,intronic
Wagner syndrome,VCAN|VCAN-AS1,5,83537002,80356556,c.4004-5T>A,20301747,ncVAR_AA3144952,intronic
Wagner syndrome,VCAN|VCAN-AS1,5,83537005,80356555,c.4004-2A>T,20301747,ncVAR_AA1367692,intronic
Wagner syndrome,VCAN|VCAN-AS1,5,83537005,80356555,c.4004-2A>G,20301747,ncVAR_AA7353988,intronic
Wagner syndrome,VCAN|VCAN-AS1,5,83537006,80356554,c.4004-1G>C,20301747,ncVAR_AA8783139,intronic
Wagner syndrome,VCAN|VCAN-AS1,5,83537006,80356554,c.4004-1G>A,20301747,ncVAR_AA7852720,intronic
Wagner syndrome,VCAN|VCAN-AS1,5,83542269,80356553,c.9265+1G>A,20301747,ncVAR_AA7606444,intronic
Wagner syndrome,VCAN|VCAN-AS1,5,83542270,397515437,c.9265+2T>A,20301747,ncVAR_AA6422750,intronic
Familial adenomatous polyposis 1,APC,5,112707526,879253784,c.-192A>G,27087319,ncVAR_AA6354948,5utr
Congenital contractural arachnodactyly,FBN2,5,128335592,587776519,c.3725-15A>G,9106527,ncVAR_AA1168274,intronic
"Spastic paraplegia 72, autosomal recessive",REEP2,5,138441091,483352924,c.105+3G>T,24388663,ncVAR_AA7405991,intronic
Factor XIII subunit A deficiency,F13A1,6,6320575,2815822,c.-19+12A=,21633364,ncVAR_AA5500666,5utr
21-hydroxylase deficiency|Inborn genetic diseases,CYP21A2|LOC106780800,6,32039081,6467,c.293-13C>G,25630015,ncVAR_AA9664522,intronic
"Mitochondrial complex III deficiency, nuclear type 7",UQCC2,6,33700516,587777410,c.214-3C>G,24385928,ncVAR_AA4745353,intronic
Three M syndrome 1,CUL7,6,43049665,730880263,c.1570-3C>A,19225462,ncVAR_AA4964327,intronic
Char syndrome|Patent ductus arteriosus 2,TFAP2B,6,50828684,80338911,c.601+5G>A,15684060,ncVAR_AA7072933,intronic
"3-methylglutaconic aciduria with deafness, encephalopathy, and Leigh-like syndrome",SERAC1,6,158158267,1554265452,c.91+6T>C,28916646,ncVAR_AA5313430,intronic
"Kartagener syndrome|Ciliary dyskinesia, primary, 32",RSPH3,6,158986423,142800871,c.631-2A>G,26073779,ncVAR_AA0999273,intronic
Hereditary nonpolyposis colorectal cancer type 4|Lynch syndrome,PMS2,7,5989798,267608158,c.1144+2T>A,16472587,ncVAR_AA6119334,intronic
"Ciliary dyskinesia, primary, 6|not specified",NME8,7,37862001,117149381,c.271-27C>T,17360648,ncVAR_AA5903006,intronic
"Parkinson disease 22, autosomal dominant",CHCHD2,7,56104221,750014782,c.300+5G>A,25662902,ncVAR_AA7197312,intronic
Enlarged vestibular aqueduct|Pendred's syndrome|not specified|not provided|SLC26A4-Related Disorders,SLC26A4|SLC26A4-AS1,7,107660756,60284988,c.-103T>C,17503324,ncVAR_AA0639049,5utr
Cystic fibrosis,CFTR,7,117509146,387906374,c.273+4A>G,7522211,ncVAR_AA9994919,intronic
Cystic fibrosis,CFTR,7,117627774,387906362,c.3717+4A>G,1371265,ncVAR_AA5317801,intronic
"Cataract and cardiomyopathy|Cataract, autosomal recessive congenital 5|Inborn genetic diseases",AGK,7,141615468,766413410,c.424-3C>G,22415731,ncVAR_AA1953776,intronic
"Polydactyly, preaxial II|Triphalangeal thumb",LMBR1|ZRS,7,156791255,606231151,c.423+5134C>G,17152067,ncVAR_AA7947326,intronic
"Tibia, hypoplasia or aplasia of, with polydactyly",LMBR1|ZRS,7,156791472,606231147,c.423+4917G>A,19847792,ncVAR_AA6201841,intronic
"Polydactyly, preaxial II|Tibia, hypoplasia or aplasia of, with polydactyly|Triphalangeal thumb",LMBR1|ZRS,7,156791474,587779752,c.423+4915C>T,24777739,ncVAR_AA9828431,intronic
"Polydactyly, preaxial II",LMBR1|ZRS,7,156791542,606231231,c.423+4847T>G,20569257,ncVAR_AA7611098,intronic
"Polydactyly, preaxial II|Triphalangeal thumb",LMBR1|ZRS,7,156791547,606231149,c.423+4842T>C,12837695,ncVAR_AA7946545,intronic
"Polydactyly, preaxial II",LMBR1|ZRS,7,156791571,606231148,c.423+4818A>T,12837695,ncVAR_AA3110928,intronic
"Polydactyly, preaxial II",LMBR1|ZRS,7,156791579,606231230,c.423+4810G>A,20569257,ncVAR_AA1901855,intronic
"Polydactyly, preaxial II|Triphalangeal thumb",LMBR1|ZRS,7,156791581,606231152,c.423+4808T>C,18463159,ncVAR_AA2122682,intronic
"Polydactyly, preaxial II",LMBR1|ZRS,7,156791771,606231146,c.423+4618C>G,12837695,ncVAR_AA2864862,intronic
"Limb-girdle muscular dystrophy, type 1E",DNAJB6,7,157367488,869320702,c.346+5G>A,26205529,ncVAR_AA5391945,intronic
Short-rib thoracic dysplasia 8 with or without polydactyly,WDR60,7,158914230,587777066,c.1703-3T>A,23910462,ncVAR_AA0003161,intronic
"Maturity-onset diabetes of the young, type 11",BLK,8,11564613,886037621,c.*505G>T,19667185,ncVAR_AA3813822,3utr
Farber disease,ASAH1,8,18059568,397509415,c.917+4A>G,23707712,ncVAR_AA9454746,intronic
Hypotrichosis 4,HR,8,22130707,387906382,c.-320T>C,19897589,ncVAR_AA4534914,5utr
"Spastic paraplegia 54, autosomal recessive",DDHD2,8,38245955,886037659,c.1057+5C>G,24482476,ncVAR_AA2155670,intronic
Cone-rod dystrophy 9,ADAM9,8,39017211,786205086,c.411-8A>G,19409519,ncVAR_AA1076732,intronic
"Spherocytosis type 1|Spherocytosis, type 1, autosomal recessive",ANK1,8,41708992,786205243,c.1801-17G>A,17327413,ncVAR_AA6135935,intronic
"Spherocytosis, type 1, autosomal recessive",ANK1,8,41797646,77173848,c.-108T>C,8640229,ncVAR_AA6958141,5utr
CHARGE association|Kallmann syndrome 5,CHD7,8,60801598,387906271,c.2442+5G>C,18834967,ncVAR_AA8685042,intronic
COACH syndrome,TMEM67,8,93755871,786200868,c.312+5G>A,19058225,ncVAR_AA4285702,intronic
"Corneal dystrophy|CORNEAL DYSTROPHY, POSTERIOR POLYMORPHOUS, 4",GRHL2,8,101493333,1554579878,c.20+544G>T,29499165,ncVAR_AA0238934,intronic
"Distal spinal muscular atrophy, autosomal recessive 2",SIGMAR1,9,34637546,796065352,c.151+1G>T,26078401,ncVAR_AA0269705,intronic
Hyperphosphatasia with mental retardation syndrome 2,PIGO,9,35090061,368953604,c.3069+5G>A,22683086,ncVAR_AA2116495,intronic
Cone-rod dystrophy and hearing loss,CEP78,9,78240369,1057517693,c.499+5G>A,27588451,ncVAR_AA8386170,intronic
Cone-rod dystrophy and hearing loss,CEP78,9,78253282,745750156,c.1254+5G>A,27627988,ncVAR_AA7731973,intronic
"Thyroid hormone metabolism, abnormal",SECISBP2,9,89338609,730880269,c.1212+29G>A,16228000,ncVAR_AA2848148,intronic
"Fanconi anemia|Fanconi anemia, complementation group C|not provided|Hereditary cancer-predisposing syndrome",FANCC,9,95172033,104886456,c.456+4A>T,10666230,ncVAR_AA8455891,intronic
not provided|Nephronophthisis 16,ANKS6,9,98768253,397514257,c.1973-3C>G,23793029,ncVAR_AA4666451,intronic
Familial dysautonomia|not provided,ELP1,9,108899816,111033171,c.2204+6T>C,12116234,ncVAR_AA7762487,intronic
Porphobilinogen synthase deficiency,ALAD,9,113391634,749066913,c.165-11C>T,15303011,ncVAR_AA0984573,intronic
Primary autosomal recessive microcephaly 3,CDK5RAP2,9,120419975,387906274,c.4005-15A>G,20301772,ncVAR_AA1306455,intronic
Lethal arthrogryposis with anterior horn cell disease|Lethal congenital contracture syndrome 1,GLE1,9,128522658,386833693,c.433-10A>G,18204449,ncVAR_AA0004827,intronic
"Ehlers-Danlos syndrome, type 2|Ehlers-Danlos syndrome, classic type",COL5A1|LOC101448202,9,134834960,183495554,c.5137-11T>A,9042913,ncVAR_AA9836268,intronic
Thrombocytopenia 2,ANKRD26,10,27100460,863223318,c.-134G>A,21211618,ncVAR_AA6112831,5utr
"Usher syndrome, type 1D",CDH23,10,71799634,727502931,c.7362+5G>A,11138009,ncVAR_AA5029138,intronic
Cowden syndrome 1,PTEN,10,87863608,587776675,c.-861G>T,12844284,ncVAR_AA1810878,5utr
PTEN hamartoma tumor syndrome|Cowden syndrome 1|not specified,PTEN,10,87863705,587776674,c.-764G>A,17847000,ncVAR_AA1498334,5utr
Achromatopsia 5,PDE6C,10,93620620,786200909,c.481-12T>A,19887631,ncVAR_AA5433257,intronic
Hermansky-Pudlak syndrome 1,HPS1,10,98435267,281865077,c.398+5G>A,20301464,ncVAR_AA6876469,intronic
"Complete combined 17-alpha-hydroxylase/17,20-lyase deficiency",CYP17A1,10,102835249,786205061,c.436+5G>T,9435441,ncVAR_AA5632297,intronic
Pfeiffer syndrome|Crouzon syndrome,FGFR2,10,121517316,879253721,c.1084+3A>G,15286168,ncVAR_AA9116797,intronic
Pfeiffer syndrome,FGFR2,10,121517464,879253719,c.940-1G>A,27481450,ncVAR_AA5688792,intronic
Congenital erythropoietic porphyria,UROS,10,125816702,397515348,c.-26-177T>C,12060112,ncVAR_AA3699480,5utr
Congenital erythropoietic porphyria,UROS,10,125816708,397515349,c.-26-183G>A,12060112,ncVAR_AA5943527,5utr
Congenital erythropoietic porphyria,UROS,10,125816718,397515350,c.-26-193C>A,11254675,ncVAR_AA7565798,5utr
Congenital erythropoietic porphyria,UROS,10,125816722,397515351,c.-26-197C>A,12060112,ncVAR_AA4697443,5utr
Mitochondrial short-chain enoyl-coa hydratase 1 deficiency,ECHS1,10,133369901,786204002,c.414+3G>C,25125611,ncVAR_AA3808096,intronic
Osteogenesis imperfecta type 5,IFITM5,11,299504,587776916,c.-14C>T,23674381,ncVAR_AA6989518,5utr
"Dyskinesia, seizures, and intellectual developmental disorder",DEAF1,11,680959,886040972,c.997+4A>C,26048982,ncVAR_AA8049722,intronic
Permanent neonatal diabetes mellitus,INS|INS-IGF2,11,2160544,886041083,c.187+241G>A,26101329,ncVAR_AA7736137,intronic
Beta-plus-thalassemia|Beta thalassemia intermedia|not provided,HBB|LOC107133510|LOC110006319,11,5225729,33913413,c.316-3C>A,2458145,ncVAR_AA6643761,intronic
Beta-plus-thalassemia|beta Thalassemia|not specified|not provided,HBB|LOC107133510|LOC110006319,11,5225832,34690599,c.316-106C>G,20301599,ncVAR_AA7152268,intronic
beta^0^ Thalassemia|beta Thalassemia|Beta thalassemia major|not specified,HBB|LOC107133510|LOC110006319,11,5225923,34451549,c.316-197C>T,20301599,ncVAR_AA5014590,intronic
Beta-plus-thalassemia|beta Thalassemia|Beta thalassemia major|not specified,HBB|LOC106099062|LOC107133510,11,5226820,35004220,c.93-21G>A,20301599,ncVAR_AA7278310,intronic
Beta-plus-thalassemia|beta Thalassemia|not specified|not provided,HBB|LOC106099062|LOC107133510,11,5226924,35724775,c.92+6T>C,20301599,ncVAR_AA0451030,intronic
Beta-plus-thalassemia|beta Thalassemia,HBB|LOC106099062|LOC107133510,11,5226925,33915217,c.92+5G>A,23234478,ncVAR_AA6849575,intronic
Beta-plus-thalassemia|Beta thalassemia major|not specified|not provided,HBB|LOC106099062|LOC107133510,11,5226925,33915217,c.92+5G>T,15278762,ncVAR_AA6306206,intronic
Beta-plus-thalassemia|beta Thalassemia|not specified|not provided,HBB|LOC106099062|LOC107133510,11,5226925,33915217,c.92+5G>C,20301599,ncVAR_AA8435175,intronic
Beta-plus-thalassemia|beta Thalassemia|not provided,HBB|LOC106099062|LOC107133510,11,5227099,33931746,c.-78A>G,20301599,ncVAR_AA4876513,5utr
Beta-plus-thalassemia|beta Thalassemia|not provided,HBB|LOC106099062|LOC107133510,11,5227099,33931746,c.-78A>C,6308558,ncVAR_AA8745949,5utr
Beta-plus-thalassemia|beta Thalassemia|Beta thalassemia intermedia,HBB|LOC106099062|LOC107133510,11,5227100,34598529,c.-50-29A>G,2458145,ncVAR_AA2612967,5utr
Beta-plus-thalassemia|beta Thalassemia|not provided,HBB|LOC106099062|LOC107133510,11,5227101,33980857,c.-80T>A,1487424,ncVAR_AA5135903,5utr
Beta-plus-thalassemia|beta Thalassemia|not provided,HBB|LOC106099062|LOC107133510,11,5227102,33981098,c.-81A>G,26029792,ncVAR_AA4826900,5utr
Beta-plus-thalassemia,HBB|LOC106099062|LOC107133510,11,5227103,34500389,c.-82C>A,1729892,ncVAR_AA6647573,5utr
Beta-plus-thalassemia|beta Thalassemia|not provided,HBB|LOC106099062|LOC107133510,11,5227157,33994806,c.-136C>G,20301599,ncVAR_AA2499223,5utr
Beta-plus-thalassemia|beta Thalassemia|Beta thalassemia intermedia|not provided,HBB|LOC106099062|LOC107133510,11,5227158,33941377,c.-137C>G,2375912,ncVAR_AA5063419,5utr
Beta-plus-thalassemia|beta Thalassemia|Beta thalassemia intermedia|not provided,HBB|LOC106099062|LOC107133510,11,5227159,33944208,c.-50-88C>T,6086605,ncVAR_AA3423498,5utr
Delta-plus-thalassemia,HBD|LOC109951029,11,5234514,35518301,c.-81A>G,15921167,ncVAR_AA4411959,5utr
delta Thalassemia,HBD|LOC109951029,11,5234559,35661168,c.-126A>T,12402333,ncVAR_AA2467408,5utr
delta Thalassemia,HBD|LOC109951029,11,5234560,34975911,c.-127T>C,1515647,ncVAR_AA9482800,5utr
Fetal hemoglobin quantitative trait locus 1,HBG1|LOC106099064,11,5249971,281860601,c.-167C>T,1698280,ncVAR_AA6066619,5utr
Fetal hemoglobin quantitative trait locus 1|Sardinian HPFH|Greek HPFH,HBG1|LOC106099064,11,5249974,35378915,c.-170G>A,1379347,ncVAR_AA7799381,5utr
Fetal hemoglobin quantitative trait locus 1,HBG1|LOC106099064,11,5250052,35321913,c.-53-195C>G,2224140,ncVAR_AA7254456,5utr
Fetal hemoglobin quantitative trait locus 1,HBG2|LOC106099065,11,5254895,34809449,c.-167C>A,10335983,ncVAR_AA6120534,5utr
Fetal hemoglobin quantitative trait locus 1,HBG2|LOC106099065,11,5254895,34809449,c.-167C>T,1698280,ncVAR_AA7963770,5utr
Fetal hemoglobin quantitative trait locus 1,HBG2|LOC106099065,11,5254956,63750654,c.-228T>C,7687855,ncVAR_AA5486721,5utr
Fetal hemoglobin quantitative trait locus 1,HBG2|LOC106099065,11,5254983,35617911,c.-255C>G,6208955,ncVAR_AA4027381,5utr
Ceroid lipofuscinosis neuronal 2|not specified,TPP1,11,6616513,755445790,c.887-10A>G,17959406,ncVAR_AA1623764,intronic
Persistent hyperinsulinemic hypoglycemia of infancy|Familial hyperinsulinism|not provided,ABCC8,11,17397055,151344623,c.3992-9G>A,8923011,ncVAR_AA8119230,intronic
Hermansky-Pudlak syndrome 5,HPS5,11,18310943,200449378,c.285-10A>G,28296950,ncVAR_AA0618660,intronic
Aniridia 1,ELP4|PAX6DRR,11,31664397,606231388,c.1143+14176C>A,24290376,ncVAR_AA9736319,intronic
Foveal hypoplasia and presenile cataract syndrome,PAX6,11,31806397,587776572,c.10+5G>C,15629294,ncVAR_AA6261306,intronic
Drash syndrome|Frasier syndrome|Diffuse mesangial sclerosis|Hereditary nephrotic syndrome,WT1,11,32391967,587776576,c.1447+5G>A,23515051,ncVAR_AA4353265,intronic
Frasier syndrome|Diffuse mesangial sclerosis|Hereditary nephrotic syndrome|not provided,WT1,11,32391968,587776577,c.1432+4C>T,23515051,ncVAR_AA6538153,intronic
"VENOUS THROMBOSIS|Ischemic stroke, susceptibility to|Prothrombin deficiency, congenital|Pregnancy loss, recurrent, susceptibility to, 2",F2,11,46739505,1799963,c.*97G>A,20301327,ncVAR_AA1417954,3utr
Familial hypertrophic cardiomyopathy 4|not specified|Hypertrophic cardiomyopathy,MYBPC3,11,47343281,587776699,c.1224-19G>A,18337725,ncVAR_AA8504328,intronic
"Myasthenic syndrome, congenital, 11, associated with acetylcholine receptor deficiency",RAPSN,11,47448165,45547231,c.193-15C>A,16931511,ncVAR_AA5215969,intronic
Congenital generalized lipodystrophy type 2,BSCL2|HNRNPUL2-BSCL2,11,62691424,786205073,c.672-3C>G,20301391,ncVAR_AA7193750,intronic
Congenital generalized lipodystrophy type 2,BSCL2|HNRNPUL2-BSCL2,11,62692371,786205072,c.671+5G>A,20301391,ncVAR_AA5847500,intronic
"Spastic paraplegia 76, autosomal recessive",CAPN1,11,65206824,375817528,c.1605+5G>A,27153400,ncVAR_AA1237595,intronic
GELEOPHYSIC DYSPLASIA 3,LTBP3,11,65547915,1188540819,c.1846+5G>A,27068007,ncVAR_AA0558304,intronic
Osteopetrosis autosomal recessive 1,TCIRG1,11,68041392,751881962,c.117+4A>T,10942435,ncVAR_AA9694264,intronic
Osteoporosis with pseudoglioma,LRP5,11,68390053,1554967176,c.1584+1G>A,20034086,ncVAR_AA1529099,intronic
Congenital disorder of glycosylation type 1H,ALG8,11,78114262,1470636347,c.673+4A>G,15235028,ncVAR_AA9948765,intronic
Ataxia-telangiectasia syndrome|Ataxia-telangiectasia variant|not provided|Hereditary cancer-predisposing syndrome,ATM,11,108235839,796051858,c.496+5G>A,15054841,ncVAR_AA4998251,intronic
6-pyruvoyl-tetrahydropterin synthase deficiency,PTS,11,112228271,794726657,c.84-323A>T,19280650,ncVAR_AA6389545,intronic
Immunodeficiency 19,CD3D,11,118340370,730880296,c.274+5G>A,21926461,ncVAR_AA4738503,intronic
Congenital disorder of glycosylation type 1J,DPAGT1,11,119101490,397515322,c.161+5G>A,22492991,ncVAR_AA8701356,intronic
"MICROCEPHALY 22, PRIMARY, AUTOSOMAL RECESSIVE",NCAPD3,11,134216922,1555143325,c.382+14A>G,27737959,ncVAR_AA2417723,intronic
"Osteogenesis imperfecta, type xv",WNT1,12,48980693,387907354,c.624+4A>G,23499309,ncVAR_AA9471702,intronic
Immunodeficiency 44,STAT2,12,56355703,281874770,c.381+5G>C,23391734,ncVAR_AA4188886,intronic
Joubert syndrome|Leber congenital amaurosis 10|Meckel-Gruber syndrome|Meckel syndrome type 4|Senior-Loken syndrome 6|Joubert syndrome 5|Nephronophthisis|not provided,CEP290,12,88101183,281865192,c.2991+1655A>G,23344081,ncVAR_AA7272487,intronic
"I cell disease|Pseudo-Hurler polydystrophy|Mucopolysaccharidosis, MPS-III-A",GNPTAB,12,101757566,34788341,c.3335+6T>G,19617216,ncVAR_AA5554845,intronic
Phenylketonuria|not provided,PAH,12,102843782,62507344,c.1066-3C>T,23357515,ncVAR_AA1222238,intronic
Phenylketonuria|not provided,PAH,12,102843790,5030855,c.1066-11G>A,23357515,ncVAR_AA6591422,intronic
"Hyperphenylalaninemia, non-pku|not specified|not provided",PAH,12,102844333,62508689,c.1065+3A>G,8088845,ncVAR_AA6993462,intronic
"Microcephaly 17, primary, autosomal recessive",CIT,12,119832768,886037895,c.753+3A>T,27519304,ncVAR_AA7940240,intronic
"Facial dysmorphism, immunodeficiency, livedo, and short stature",POLE,12,132643404,398122515,c.4444+3A>G,23230001,ncVAR_AA7501323,intronic
Peters plus syndrome,B3GLCT,13,31247104,80338850,c.347+5G>A,20301637,ncVAR_AA2250295,intronic
Congenital disorder of glycosylation type 2L|Shaheen syndrome|Intellectual disability|Hyphidrosis,COG6,13,39699477,730882236,c.1167-24A>G,23606727,ncVAR_AA5378733,intronic
CONGENITAL DISORDER OF GLYCOSYLATION WITH DEFECTIVE FUCOSYLATION,FUT8,14,65724328,1555388034,c.1259+5G>T,29304374,ncVAR_AA2648270,intronic
Niemann-Pick disease type C2,NPC2,14,74486324,80358268,c.190+5G>A,11567215,ncVAR_AA1814353,intronic
"Congenital muscular dystrophy-dystroglycanopathy with mental retardation, type B2",POMT2,14,77320429,587777816,c.248+5G>C,19138766,ncVAR_AA0782165,intronic
"Hypothyroidism, congenital, nongoitrous, 1",TSHR,14,81092611,786205080,c.545+3G>C,9589691,ncVAR_AA8376587,intronic
Bardet-Biedl syndrome 8,TTC8,14,88843851,587777808,c.624+1G>A,16308660,ncVAR_AA4461193,intronic
"Congenital dyserythropoietic anemia, type I",CDAN1,15,42731206,113313967,c.1860+5G>A,16098079,ncVAR_AA2532628,intronic
"Bartter syndrome, type 1, antenatal",SLC12A1,15,48226575,774515747,c.724+4A>G,19513753,ncVAR_AA3060777,intronic
Marfan syndrome|Ischemic stroke|Ectopia lentis|not provided|Arachnodactyly|Cutaneous melanoma|Ischemic stroke|Aortic root dilatation|Dissecting aortic dilatation|Melanoma|Severe Myopia|Ectopia lentis,FBN1,15,48446701,193922219,c.5788+5G>A,21542060,ncVAR_AA6534548,intronic
Intellectual developmental disorder with cardiac arrhythmia,GNB5,15,52153937,766004901,c.249+3A>G,27523599,ncVAR_AA4597540,intronic
Craniosynostosis 3,TCF12,15,57234110,886037640,c.1035+3G>C,23354436,ncVAR_AA1034262,intronic
Ceroid lipofuscinosis neuronal 6,CLN6,15,68211258,786205066,c.542+5G>T,15996215,ncVAR_AA7948733,intronic
"Tay-Sachs disease|Gm2-gangliosidosis, chronic",HEXA,15,72349266,770932296,c.806-7G>A,9272736,ncVAR_AA8292539,intronic
Arthrogryposis renal dysfunction cholestasis syndrome|not specified|not provided|Inborn genetic diseases,VPS33B,15,91004872,398122407,c.1225+5G>C,22753090,ncVAR_AA3097161,intronic
COMBINED OXIDATIVE PHOSPHORYLATION DEFICIENCY 32,MRPS34,16,1772656,563189672,c.322-10G>A,28777931,ncVAR_AA1886271,intronic
Kohlschutter's syndrome,ROGDI,16,4798564,749657986,c.531+5G>C,22424600,ncVAR_AA6219221,intronic
"Pulmonary fibrosis and/or bone marrow failure, telomere-related, 4",PARN,16,14627189,751381953,c.246-2A>G,25848748,ncVAR_AA1805875,intronic
Desbuquois dysplasia 2,XYLT1|LOC102723692,16,17138534,201818754,c.1588-3C>T,24581741,ncVAR_AA8254821,intronic
COG7 congenital disorder of glycosylation,COG7,16,23445968,1555496968,c.170-7A>G,19577670,ncVAR_AA7543684,intronic
COG7 congenital disorder of glycosylation,COG7,16,23452822,1555497568,c.169+4A>C,17395513,ncVAR_AA4225149,intronic
Familial renal glucosuria,SLC5A2,16,31484657,398122801,c.127-16C>A,21165652,ncVAR_AA1579526,intronic
Meier-Gorlin syndrome 3,ORC6,16,46693187,572314014,c.449+5G>A,22333897,ncVAR_AA7168294,intronic
"Polymicrogyria, bilateral frontoparietal",ADGRG1,16,57656620,587776623,c.1167+3G>C,15044805,ncVAR_AA3401043,intronic
Apparent mineralocorticoid excess,HSD11B2,16,67436156,376023420,c.664+14C>T,7670488,ncVAR_AA1902057,intronic
Fish-eye disease,LCAT,16,67942609,794726664,c.524-22T>C,8755645,ncVAR_AA6613318,intronic
Tyrosinemia type 2,TAT,16,71576031,587776512,c.236-5A>G,1357662,ncVAR_AA1040009,intronic
Pontocerebellar hypoplasia type 8,CHMP1A,16,89651659,398122918,c.28-13G>A,23023333,ncVAR_AA6530501,intronic
"Pontocerebellar hypoplasia, type 2e",VPS53,17,562498,587777466,c.1556+5G>A,24577744,ncVAR_AA5482873,intronic
"Cystinosis, ocular nonnephropathic",CTNS,17,3659855,113994210,c.853-3C>G,10625078,ncVAR_AA8833157,intronic
"Myasthenic syndrome, congenital, associated with acetylcholine receptor deficiency",CHRNE|C17orf107,17,4901641,879255563,c.501-16G>A,16087917,ncVAR_AA2047863,intronic
Orofaciodigital syndrome XV,KIAA0753,17,6610163,886038201,c.1546-3C>A,26643951,ncVAR_AA7748332,intronic
"Leukoencephalopathy, brain calcifications, and cysts",TMEM107|SNORD118,17,8173444,201787275,n.145C>T,27571260,ncVAR_AA3932324,reported_as_part_of_a_ncRNA
"Leukoencephalopathy, brain calcifications, and cysts",TMEM107|SNORD118,17,8173448,75008470,n.*5C>G,27571260,ncVAR_AA5390329,3utr
Meckel syndrome 13,TMEM107,17,8175756,1131692180,c.274+1G>A,26123494,ncVAR_AA9815931,intronic
Congenital defect of folate absorption,SLC46A1,17,28402322,80338775,c.1082-1G>A,20301716,ncVAR_AA9347674,intronic
"Juvenile myelomonocytic leukemia|Neurofibromatosis, type 1",NF1,17,31221842,267606602,c.1642-8A>G,9639526,ncVAR_AA0009804,intronic
"Neurofibromatosis, familial spinal|Neurofibromatosis, type 1|Hereditary cancer-predisposing syndrome",NF1,17,31336328,267606604,c.5944-5A>G,24789688,ncVAR_AA3128650,intronic
Glanzmann thrombasthenia,ITGA2B,17,44375719,763330792,c.2602-3C>G,1317725,ncVAR_AA8829863,intronic
Isolated growth hormone deficiency type 1B,GH1|GH-LCR,17,63917755,863223308,c.456+5G>C,10689634,ncVAR_AA1965089,intronic
Autosomal dominant isolated somatotropin deficiency,GH1|GH-LCR,17,63917989,863223306,c.291+28G>A,9175738,ncVAR_AA0528866,intronic
Autosomal dominant isolated somatotropin deficiency,GH1|GH-LCR,17,63918012,863223307,c.291+5G>A,10469016,ncVAR_AA2705271,intronic
"Carney complex, type 1",PRKAR1A,17,68528994,281864799,c.891+3A>G,10973256,ncVAR_AA0900142,intronic
Enamel-renal syndrome|Amelogenesis imperfecta and gingival fibromatosis syndrome,PRKAR1A|FAM20A,17,68543723,587777530,c.720-2A>G,23468644,ncVAR_AA8398918,intronic
"Amyotrophy, hereditary neuralgic",Sep-09,17,77320193,80338760,c.-134G>C,16186812,ncVAR_AA3123034,5utr
"Glycogen storage disease, type II|Muscular Diseases|Glycogen storage disease II, adult form|Glycogen storage disease|not provided|Inborn genetic diseases",GAA,17,80104542,386834236,c.-32-13T>G,25673129,ncVAR_AA9470414,5utr
Psoriasis susceptibility 2,CARD14,17,80182795,587777763,c.349+5G>A,22521418,ncVAR_AA3852388,intronic
"Encephalopathy, progressive, early-onset, with brain atrophy and thin corpus callosum",TBCD,17,82893535,886041084,c.1564-12C>G,27666374,ncVAR_AA7922943,intronic
Seckel syndrome 2,RBBP8,18,23001782,587776883,c.2287+53T>G,21998596,ncVAR_AA8309792,intronic
Erythropoietic protoporphyria|Jaundice|Erythema,FECH,18,57571588,2272783,c.315-48T>C,28093505,ncVAR_AA1899532,intronic
Multiple congenital anomalies-hypotonia-seizures syndrome 1,PIGN,18,62113129,369486176,c.1434+5G>A,26394714,ncVAR_AA0444609,intronic
"Microcephaly, short stature, and polymicrogyria with or without seizures|Congenital microcephaly",RTTN,18,70135176,864321620,c.2885+8A>G,26608784,ncVAR_AA5682319,intronic
"Congenital Cataracts, Facial Dysmorphism, and Neuropathy",CTDP1,18,79710825,113994102,c.863+389C>T,20301787,ncVAR_AA1557694,intronic
Spondylometaphyseal dysplasia Sedaghatian type,GPX4,19,1105814,775146234,c.476+5G>A,24706940,ncVAR_AA9325803,intronic
Perrault syndrome 3|Autosomal recessive hearing impairment with normal menstrual cycles,CLPP,19,6361944,398123035,c.270+4A>G,23541340,ncVAR_AA2712900,intronic
Retinitis pigmentosa 78,ARHGEF18,19,7456408,1064793002,c.1143+5G>A,28132693,ncVAR_AA8848325,intronic
Rhabdoid tumor predisposition syndrome 2,SMARCA4,19,11021722,587777463,c.2617-3C>G,24658002,ncVAR_AA1144044,intronic
Familial hypercholesterolemia,LDLR,19,11105602,200238879,c.694+2T>C,9222758,ncVAR_AA8167749,intronic
Familial hypercholesterolemia,LDLR,19,11120523,145787161,c.2140+1G>A,20828696,ncVAR_AA1026538,intronic
Familial hypercholesterolemia,LDLR,19,11120608,587776886,c.2140+86C>G,20703241,ncVAR_AA5240131,intronic
Brugada syndrome 5|not provided,SCN1B,19,35033827,267607028,c.448+88G>A,18464934,ncVAR_AA2648077,intronic
"Arthrogryposis multiplex congenita, neurogenic, with myelin defect",LGI4,19,35126265,1064797095,c.1299+5G>T,28318499,ncVAR_AA3175092,intronic
"Arthrogryposis multiplex congenita, neurogenic, with myelin defect",LGI4,19,35126848,1064797093,c.793+5G>C,28318499,ncVAR_AA4397081,intronic
Abnormality of cardiovascular system morphology|Abnormal facial shape|Global developmental delay|Brainstem dysplasia|Abnormality of cardiovascular system morphology|Heart and brain malformation syndrome,SMG9,19,43744768,869312742,c.701+4A>G,27018474,ncVAR_AA1264173,intronic
3-Methylglutaconic aciduria type 3,OPA3,19,45553912,80356523,c.143-1G>C,11668429,ncVAR_AA2668480,intronic
"Ciliary dyskinesia|Ciliary dyskinesia, primary, 20",CCDC114,19,48297995,201133219,c.1391+5G>A,23261302,ncVAR_AA8501451,intronic
Hyperferritinemia cataract syndrome,FTL,19,48965344,398124637,c.-164C>T,23421845,ncVAR_AA8628479,5utr
Retinitis pigmentosa 11,PRPF31,19,54123563,587776590,c.527+3A>G,17325180,ncVAR_AA8972911,intronic
Retinitis pigmentosa 11,PRPF31,19,54130024,587776591,c.1374+654C>G,19618371,ncVAR_AA3286870,intronic
Posterior polymorphous corneal dystrophy 1,OVOL2,20,18057908,869320630,c.-274T>G,26749309,ncVAR_AA5571776,5utr
Posterior polymorphous corneal dystrophy 1,OVOL2,20,18057941,869320629,c.-307T>C,26749309,ncVAR_AA0825535,5utr
Thrombophilia due to thrombomodulin defect,THBD,20,23049655,16984852,c.-151G>T,23332921,ncVAR_AA0217377,5utr
Severe combined immunodeficiency due to ADA deficiency|not provided,ADA,20,44625568,761242509,c.478+1G>A,22968453,ncVAR_AA1490535,intronic
"Combined deficiency of sialidase AND beta galactosidase|Galactosialidosis, adult",CTSA,20,45893314,786200859,c.746+3A>G,28603679,ncVAR_AA5356456,intronic
Congenital disorder of glycosylation type 1E,DPM1,20,50945767,587777115,c.373-5T>A,16641202,ncVAR_AA5617450,intronic
"Dyskeratosis congenita, autosomal recessive, 5",RTEL1|RTEL1-TNFRSF6B,20,63689870,398123050,c.2213+5G>A,23591994,ncVAR_AA2623090,intronic
"Dyskeratosis congenita, autosomal recessive, 5",RTEL1|RTEL1-TNFRSF6B,20,63695558,587777037,c.3724+78T>C,28507545,ncVAR_AA6748768,intronic
"Microcephaly-micromelia syndrome|MICROCEPHALY, SHORT STATURE, AND LIMB ABNORMALITIES",DONSON,21,33582064,779149681,c.1047-9A>G,28630177,ncVAR_AA3942254,intronic
"MICROCEPHALY, SHORT STATURE, AND LIMB ABNORMALITIES",DONSON,21,33583688,1135401960,c.786-22A>G,28191891,ncVAR_AA8613682,intronic
Kartagener syndrome|Primary ciliary dyskinesia 24,RSPH1,21,42485807,587777058,c.366-3C>A,23993197,ncVAR_AA6046215,intronic
Spondylometaphyseal dysplasia axial,CFAP410,21,44330349,1131690800,c.643-23A>T,26974433,ncVAR_AA1696856,intronic
Cardiac arrhythmia|Intellectual functioning disability|Seizures|Episodic flaccid weakness|Acute rhabdomyolysis|TANGO2-Related Metabolic Encephalopathy and Arrhythmias,TANGO2,22,20061684,372949028,c.605+1G>A,29369572,ncVAR_AA5250551,intronic
Schwannomatosis 2,LZTR1,22,20985828,587777176,c.264-13G>A,24362817,ncVAR_AA6233705,intronic
"Neurofibromatosis, type 2",NF2,22,29636877,587776562,c.240+1G>T,8379998,ncVAR_AA1777488,intronic
Transcolabamin II deficiency,TCN2,22,30613044,606231119,c.427+2T>G,14632784,ncVAR_AA7621955,intronic
Transcolabamin II deficiency,TCN2,22,30615125,372866837,c.580+624A>T,19373259,ncVAR_AA8176834,intronic
Methemoglobinemia type 2,CYB5R3,22,42628144,200872504,c.463+8G>C,7718898,ncVAR_AA7452747,intronic
Spondyloepiphyseal dysplasia tarda,TRAPPC2,X,13716530,587776753,c.238+4T>C,12919139,ncVAR_AA4180513,intronic
Spondyloepiphyseal dysplasia tarda,TRAPPC2,X,13719866,587776752,c.93+5G>A,11326333,ncVAR_AA7085945,intronic
Oral-facial-digital syndrome,OFD1,X,13744405,312262833,c.413-10T>G,20301367,ncVAR_AA4761041,intronic
Retinitis Pigmentosa 23,OFD1,X,13750239,730880283,c.935+706A>G,22619378,ncVAR_AA7266973,intronic
Pettigrew syndrome,AP1S2,X,15845898,587776739,c.288+5G>A,17617514,ncVAR_AA3554458,intronic
Snyder Robinson syndrome,SMS,X,21972576,397515381,c.329+5G>A,23805436,ncVAR_AA4488676,intronic
"Pigmentary disorder, reticulate, with systemic manifestations, X-linked",POLA1,X,24726579,869312979,c.1375-354A>G,27019227,ncVAR_AA3728632,intronic
Becker muscular dystrophy,DMD,X,31261301,587776747,c.9225-285A>G,12754707,ncVAR_AA3360986,intronic
Retinitis pigmentosa 15,RPGR,X,38300884,1410177435,c.1059+363G>A,17405150,ncVAR_AA6505539,intronic
"Mental retardation, X-linked, syndromic, Hedera type",ATP6AP2,X,40589122,1057519331,c.168+6T>A,26467484,ncVAR_AA7456862,intronic
"Chondrodysplasia with platyspondyly, distinctive brachydactyly, hydrocephaly, and microphthalmia",HDAC6,X,48824894,398122390,c.*282A>T,20181727,ncVAR_AA9489301,3utr
X-Linked mental retardation 90,DLG3,X,70450784,587777360,c.985+1G>C,24721225,ncVAR_AA2979321,intronic
"MENTAL RETARDATION, X-LINKED 106",OGT,X,71544561,943295842,c.433-6T>G,28584052,ncVAR_AA4839689,intronic
Cornelia de Lange syndrome 5,HDAC8,X,72572052,398122888,c.164+5G>A,22889856,ncVAR_AA0564988,intronic
Abruzzo Erickson syndrome|not provided,TBX22,X,80025598,200060292,c.459-5T>A,22784330,ncVAR_AA4871845,intronic
Mohr-Tranebjaerg syndrome,TIMM8A,X,101346683,869320666,c.133-23A>C,15710860,ncVAR_AA5226691,intronic
X-linked agammaglobulinemia with growth hormone deficiency,BTK,X,101353865,864321659,c.1750+5G>A,8013627,ncVAR_AA1945234,intronic
"Fabry disease|Fabry disease, cardiac variant",GLA|RPL36A-HNRNPH2,X,101399747,199473684,c.639+919G>A,28430823,ncVAR_AA9810561,intronic
"Lymphoproliferative syndrome 1, X-linked",SH2D1A,X,124346784,587777612,c.137+5G>C,23280491,ncVAR_AA7568678,intronic
"Mental retardation, X-linked, syndromic, Raymond type",ZDHHC9,X,129841774,606231183,c.167+5G>C,17436253,ncVAR_AA6470737,intronic
Uruguay faciocardiomusculoskeletal syndrome,FHL1,X,136208453,1556639352,c.502-2A>G,26933038,ncVAR_AA7233158,intronic
Hereditary factor IX deficiency disease,F9,X,139541073,398122990,c.278-3A>G,19815722,ncVAR_AA3881651,intronic
Severe X-linked myotubular myopathy|not provided,MTM1,X,150659654,397518445,c.1261-10A>G,10790201,ncVAR_AA8848281,intronic
"Myopathy, X-linked, with excessive autophagy",VMA21,X,151403604,878854352,c.54-27A>T,23315026,ncVAR_AA2876281,intronic
"Myopathy, X-linked, with excessive autophagy",VMA21,X,151403604,878854352,c.54-27A>C,23315026,ncVAR_AA5147452,intronic
"Myopathy, X-linked, with excessive autophagy|Inborn genetic diseases",VMA21,X,151403744,797044909,c.163+4A>G,23315026,ncVAR_AA5713789,intronic
"Myopathy, X-linked, with excessive autophagy",VMA21,X,151404909,878854353,c.164-7T>G,23315026,ncVAR_AA7757250,intronic
"Myopathy, X-linked, with excessive autophagy",VMA21,X,151404910,878854356,c.164-6T>G,25817839,ncVAR_AA3499439,intronic
"Myopathy, X-linked, with excessive autophagy",VMA21,X,151405064,878854355,c.*6A>G,23315026,ncVAR_AA3058898,3utr
X-linked hydrocephalus syndrome,L1CAM,X,153865838,879253713,c.2432-19A>C,1303258,ncVAR_AA5304313,intronic
"Hydrocephalus, X-linked, with hirschsprung disease",L1CAM,X,153867795,879253716,c.1939+5G>A,15148591,ncVAR_AA5074594,intronic
Periventricular nodular heterotopia 1|not specified,FLNA,X,154367741,398123622,c.623-3C>G,9883725,ncVAR_AA6774790,intronic
Hereditary factor VIII deficiency disease,F8,X,154991304,387906429,c.601+1632G>A,2833855,ncVAR_AA9230098,intronic
cartilage_hair_hypoplasia ,lncRNARMRP,9,35657948,199476103,c.71A>G,12107819,ncVAR_AA2191226,reported_as_part_of_a_ncRNA
hereditary_prostate_cancer,lncRNACARLO3,8,127091692,1456315,Chr8.127091692G>A,20874843,ncVAR_AA7340486,reported_as_part_of_a_ncRNA
Hearing loss,MIR96,7,129774757,587776522,13G>A,19363479,ncVAR_AA1198513,reported_as_part_of_a_ncRNA
Myotonic dystrophy-like myopathy,MT-TA,MT,5650,121434457,5650g>A,16476954,ncVAR_AA4764929,reported_as_part_of_a_ncRNA
Mitochondrial myopathy ,MT-TA,MT,5591,121434458,5591G>A,14569122,ncVAR_AA1032212,reported_as_part_of_a_ncRNA
"Encephalomyopathy, mitochondrial",MT-TR,MT,10438,121434456,10438A>G,15286228,ncVAR_AA3224159,reported_as_part_of_a_ncRNA
"Encephalomyopathy, mitochondrial",MT-TR,MT,10450,387906731,10450A>G,19809478,ncVAR_AA7260018,reported_as_part_of_a_ncRNA
"Ophthalmoplegia, isolated",MT-TN,MT,5703,199476130,5703G>A,8254046,ncVAR_AA7791743,reported_as_part_of_a_ncRNA
"Mitochondrial complex I deficiency, mitochondrial type 2",MT-TN,MT,5728,199476132,5728A>G,7980504,ncVAR_AA3404446,reported_as_part_of_a_ncRNA
"Mitochondrial myopathy, isolated",MT-TD,MT,7526,121434454,7526A>G,16059939,ncVAR_AA9463502,reported_as_part_of_a_ncRNA
MELAS syndrome,MT-TC,MT,5184,200077222,5184A>G,8829635,ncVAR_AA8293035,reported_as_part_of_a_ncRNA
"Dystonia, mitochondrial",MT-TC,MT,5816,387906732,5816A>G,17724295,ncVAR_AA4080686,reported_as_part_of_a_ncRNA
"Diabetes and Deafness, maternally inherited",MT-TE,MT,14709,121434453,14709T>C,7726154,ncVAR_AA2615672,reported_as_part_of_a_ncRNA
"Mitochondrial myopathy, infantile, transient",MT-TE,MT,14674,387906421,14674T>C,19720722,ncVAR_AA9998812,reported_as_part_of_a_ncRNA
"Mitochondrial myopathy, infantile, transient",MT-TE,MT,14674,387906421,14674T>G,21194154,ncVAR_AA8844116,reported_as_part_of_a_ncRNA
"Diabetes and Deafness, maternally inherited",MT-TE,MT,14692,879192165,14692A>G,27519417,ncVAR_AA6374113,reported_as_part_of_a_ncRNA
Myopathy,MT-TQ,MT,4369,199476140,4366insA,10996779,ncVAR_AA1178409,reported_as_part_of_a_ncRNA
Sensorineural deafness and migraine,MT-TQ,MT,4336,41456348,4336A>G,11424923,ncVAR_AA5446759,reported_as_part_of_a_ncRNA
MELAS syndrome,MT-TQ,MT,4332,199476141,4332G>A,11171912,ncVAR_AA8626773,reported_as_part_of_a_ncRNA
"Cardiomyopathy, hypertrophic",MT-TG,MT,9997,121434475,9997T>C,8079988,ncVAR_AA3844808,reported_as_part_of_a_ncRNA
Exercise intolerance,MT-TG,MT,10010,121434476,10010T>C,11971101,ncVAR_AA6506599,reported_as_part_of_a_ncRNA
Sudden death,MT-TG,MT,10044,41362547,10044A>G,8888049,ncVAR_AA7453985,reported_as_part_of_a_ncRNA
"Cardiomyopathy, idiopathic dilated, mitochondrial",MT-TH,MT,12192,3134560,12192G>A,11038324,ncVAR_AA5527824,reported_as_part_of_a_ncRNA
Pigmentary reinopathy and sensorineural deafness,MT-TH,MT,12183,121434473,12183G>A,12682337,ncVAR_AA9102217,reported_as_part_of_a_ncRNA
MERRF/MELAS overlap syndrome,MT-TH,MT,12147,121434474,12147G>A,14967777,ncVAR_AA9901949,reported_as_part_of_a_ncRNA
"Deafness, nonsyndromic sensorineural, mitochondrial",MT-TH,MT,12201,387906733,12201T>C,21931169,ncVAR_AA5005751,reported_as_part_of_a_ncRNA
"Encephalomyopathy, mitochondrial",MT-TL2,MT,12315,121434462,12315TG>A,8923013,ncVAR_AA3160538,reported_as_part_of_a_ncRNA
"Myopathy, mitochondrial",MT-TL2,MT,12320,121434463,12320A>G,9012410,ncVAR_AA5822492,reported_as_part_of_a_ncRNA
"Cardiomyopathy,mitochondrial",MT-TL2,MT,12297,121434464,12297T>C,11313776,ncVAR_AA8911899,reported_as_part_of_a_ncRNA
MERRF syndrome,MT-TK,MT,8344,118192098,8344A>G,2112427,ncVAR_AA7622231,reported_as_part_of_a_ncRNA
MERRF syndrome,MT-TK,MT,8356,118192099,8356T>C,8069654,ncVAR_AA8698401,reported_as_part_of_a_ncRNA
"Cardiomyopathy, deafness",MT-TK,MT,8363,118192100,8363G>A,8651277,ncVAR_AA1641169,reported_as_part_of_a_ncRNA
Mitochondrial neurogastrointestinal encephalomyopathy syndrome,MT-TK,MT,8313,118192101,8313G>A,9380435,ncVAR_AA1945838,reported_as_part_of_a_ncRNA
"Diabetes and Deafness, maternally inherited",MT-TK,MT,8296,118192102,8296A>G,9571188,ncVAR_AA7078422,reported_as_part_of_a_ncRNA
Progressive external opthalmoplegia with myoclonus,MT-TK,MT,8342,118192103,8342G>A,10220860,ncVAR_AA2453594,reported_as_part_of_a_ncRNA
MERRF syndrome,MT-TK,MT,8316,118192104,8316G>A,14681892,ncVAR_AA2204157,reported_as_part_of_a_ncRNA
"Myopathy, mitochondrial",MT-TM,MT,4409,118203884,4409T>C,9633749,ncVAR_AA8522575,reported_as_part_of_a_ncRNA
MELAS syndrome,MT-TF,MT,583,118203885,583G>A,1171391,ncVAR_AA5850452,reported_as_part_of_a_ncRNA
MERRF syndrome,MT-TF,MT,611,118203886,611G>A,15184630,ncVAR_AA0633465,reported_as_part_of_a_ncRNA
"Myopathy, mitochondrial, late-onset",MT-TF,MT,622,118203887,622G>A,16769874,ncVAR_AA4249948,reported_as_part_of_a_ncRNA
"Epilepsy, mitochondrial",MT-TF,MT,616,387906420,616T>G,20142618,ncVAR_AA5103919,reported_as_part_of_a_ncRNA
"Encephalomyopathy, mitochondrial",MT-TF,MT,586,387906734,586G>A,21060018,ncVAR_AA1927537,reported_as_part_of_a_ncRNA
"Nephropathy, tubulointersitial",MT-TF,MT,608,387906735,608A>G,11231339,ncVAR_AA8643673,reported_as_part_of_a_ncRNA
Myopathy,MT-TP,MT,15990,199474699,15990G>A,7689388,ncVAR_AA1509360,reported_as_part_of_a_ncRNA
Parkinson disease susceptibility,MT-TP,MT,15965,199474700,15965T>C,10369889,ncVAR_AA5584468,reported_as_part_of_a_ncRNA
MERFF syndrome,MT-TP,MT,15967,199474701,15967G>A,19273760,ncVAR_AA6085494,reported_as_part_of_a_ncRNA
MERRF/MELAS overlap syndrome,MT-TS1,MT,7512,199474817,7512T>C,7669057,ncVAR_AA9003392,reported_as_part_of_a_ncRNA
"Keratoderma, palmoplantar, with deafness",MT-TS1,MT,7445,199474818,7445A>G,7987332,ncVAR_AA5743369,reported_as_part_of_a_ncRNA
"Deafness, nonsyndromic sensorineural, mitochondrial",MT-TS1,MT,7510,199474820,7510T>C,11175301,ncVAR_AA7190013,reported_as_part_of_a_ncRNA
"Deafness, nonsyndromic sensorineural, mitochondrial",MT-TS1,MT,7511,199474821,7511T>C,12461693,ncVAR_AA9373377,reported_as_part_of_a_ncRNA
"Deafness, nonsyndromic sensorineural, mitochondrial",MT-TS1,MT,7445,199474818,7445A>C,17659260,ncVAR_AA7095282,reported_as_part_of_a_ncRNA
"Exercise intolerance, muscle pain and lactic acidemia",MT-TS1,MT,7497,387906419,7497G>A,14605505,ncVAR_AA1671970,reported_as_part_of_a_ncRNA
"Deafness, nonsyndromic sensorineural, mitochondrial",MT-TS1,MT,7505,724159989,7505T>C,20153673,ncVAR_AA7498407,reported_as_part_of_a_ncRNA
"Cerebellar ataxia, cataract amd diabetes mellitus",MT-TS2,MT,12258,118203888,12258C>A,9792552,ncVAR_AA7227481,reported_as_part_of_a_ncRNA
MERRF/MELAS overlap syndrome,MT-TS2,MT,12207,118203889,12207G>A,16950817,ncVAR_AA2476890,reported_as_part_of_a_ncRNA
Parkinson disease susceptibility,MT-TT,MT,15950,118203890,15950G>A,10369889,ncVAR_AA5475242,reported_as_part_of_a_ncRNA
"Encephalomyopathy, mitochondrial",MT-TW,MT,5549,199474671,5549G>A,7695240,ncVAR_AA4969035,reported_as_part_of_a_ncRNA
"Encephalomyopathy, mitochondrial",MT-TW,MT,5537,199474672,5537insT,9266739,ncVAR_AA3207503,reported_as_part_of_a_ncRNA
"Myopathy, mitochondrial",MT-TW,MT,5521,199474673,5521G>A,9673981,ncVAR_AA7192448,reported_as_part_of_a_ncRNA
"Neurogastrointestinal syndrome, mitochondrial",MT-TW,MT,5532,199474674,5532G>A,15054399,ncVAR_AA3577311,reported_as_part_of_a_ncRNA
"Encephalomyopathy, mitochondrial",MT-TW,MT,5545,387906418,5545C>T,18337306,ncVAR_AA5716225,reported_as_part_of_a_ncRNA
"Encephalomyopathy, mitochondrial",MT-TW,MT,5556,387906736,5556G>A,19809478,ncVAR_AA9222173,reported_as_part_of_a_ncRNA
"Exercise intolerance and complex III deficiency, somatic",MT-TY,MT,5874,118203891,5874A>G,11071502,ncVAR_AA4939139,reported_as_part_of_a_ncRNA
"Chronic progressive external opthalmoplegia with myopathy, somatic",MT-TY,MT,5888,118203892,5885delT,11756614,ncVAR_AA5082489,reported_as_part_of_a_ncRNA
"Chronic progressive external opthalmoplegia with myopathy, somatic",MT-TY,MT,5877,118203893,5877G>A,11594340,ncVAR_AA1744105,reported_as_part_of_a_ncRNA
Focal segmental glomerulosclerosis and dilated cardiomyopathy,MT-TY,MT,5843,118203894,5843A>G,14598342,ncVAR_AA3452246,reported_as_part_of_a_ncRNA
"Ataxia, progressive seizures, mental detoriation and hearing loss",MT-TV,MT,1606,199476143,1606G>A,9450773,ncVAR_AA9579964,reported_as_part_of_a_ncRNA
Neonatal death,MT-TV,MT,1624,199476144,1624C>T,11799391,ncVAR_AA3543675,reported_as_part_of_a_ncRNA
